,screen_name,username,user_id,tweet_id,tweet_url,timestamp,timestamp_epochs,text,text_html,links,hashtags,has_media,img_urls,video_url,likes,retweets,replies,is_replied,is_reply_to,parent_tweet_id,reply_to_users
0,BreakingNews,Breaking News,6017542,1227934984809385991,/BreakingNews/status/1227934984809385991,2020-02-13 12:38:08,1581597488,"China's Hubei province sees a jump in cases of new coronavirus, now named COVID-19, as the diagnosis method changes with 14,840 new cases reported Thursday. https://nbcnews.to/39vomd3 ","<p class=""TweetTextSize js-tweet-text tweet-text"" data-aria-label-part=""0"" lang=""en"">China's Hubei province sees a jump in cases of new <strong>coronavirus</strong>, now named COVID-19, as the diagnosis method changes with 14,840 new cases reported Thursday. <a class=""twitter-timeline-link u-hidden"" data-expanded-url=""https://nbcnews.to/39vomd3"" dir=""ltr"" href=""https://t.co/ZsRQGnbsCQ"" rel=""nofollow noopener"" target=""_blank"" title=""https://nbcnews.to/39vomd3""><span class=""tco-ellipsis""></span><span class=""invisible"">https://</span><span class=""js-display-url"">nbcnews.to/39vomd3</span><span class=""invisible""></span><span class=""tco-ellipsis""><span class=""invisible""> </span></span></a></p>",['https://nbcnews.to/39vomd3'],[],False,[],,72,59,6,True,False,,[]
1,BreakingNews,Breaking News,6017542,1227257300173369344,/BreakingNews/status/1227257300173369344,2020-02-11 15:45:16,1581435916,New coronavirus gets official name from the WHO: COVID-19. https://nbcnews.to/2HdjihB ,"<p class=""TweetTextSize js-tweet-text tweet-text"" data-aria-label-part=""0"" lang=""en"">New <strong>coronavirus</strong> gets official name from the WHO: COVID-19. <a class=""twitter-timeline-link u-hidden"" data-expanded-url=""https://nbcnews.to/2HdjihB"" dir=""ltr"" href=""https://t.co/O6XKqZFKZY"" rel=""nofollow noopener"" target=""_blank"" title=""https://nbcnews.to/2HdjihB""><span class=""tco-ellipsis""></span><span class=""invisible"">https://</span><span class=""js-display-url"">nbcnews.to/2HdjihB</span><span class=""invisible""></span><span class=""tco-ellipsis""><span class=""invisible""> </span></span></a></p>",['https://nbcnews.to/2HdjihB'],[],False,[],,133,130,19,True,False,,[]
2,BreakingNews,Breaking News,6017542,1226685717893521408,/BreakingNews/status/1226685717893521408,2020-02-10 01:54:00,1581299640,"Coronavirus global death toll rises to 908 as China's health ministry confirms 3,062 new cases, bringing the total to more than 40,000 in mainland China. https://nbcnews.to/39khhvW ","<p class=""TweetTextSize js-tweet-text tweet-text"" data-aria-label-part=""0"" lang=""en""><strong>Coronavirus</strong> global death toll rises to 908 as China's health ministry confirms 3,062 new cases, bringing the total to more than 40,000 in mainland China. <a class=""twitter-timeline-link u-hidden"" data-expanded-url=""https://nbcnews.to/39khhvW"" dir=""ltr"" href=""https://t.co/ZaUaGsgc3a"" rel=""nofollow noopener"" target=""_blank"" title=""https://nbcnews.to/39khhvW""><span class=""tco-ellipsis""></span><span class=""invisible"">https://</span><span class=""js-display-url"">nbcnews.to/39khhvW</span><span class=""invisible""></span><span class=""tco-ellipsis""><span class=""invisible""> </span></span></a></p>",['https://nbcnews.to/39khhvW'],[],False,[],,130,151,25,True,False,,[]
3,BreakingNews,Breaking News,6017542,1219593120419061762,/BreakingNews/status/1219593120419061762,2020-01-21 12:10:33,1579608633,"Number of cases of deadly new coronavirus climbed to close to 300 in China on Tuesday, as health authorities in Asia and around the world stepped up screenings at transport hubs in an effort to stem the spread of the pneumonia-like disease. https://www.nbcnews.com/news/world/cases-deadly-coronavirus-spike-officials-confirm-human-human-spread-n1118996 …","<p class=""TweetTextSize js-tweet-text tweet-text"" data-aria-label-part=""0"" lang=""en"">Number of cases of deadly new <strong>coronavirus</strong> climbed to close to 300 in China on Tuesday, as health authorities in Asia and around the world stepped up screenings at transport hubs in an effort to stem the spread of the pneumonia-like disease. <a class=""twitter-timeline-link u-hidden"" data-expanded-url=""https://www.nbcnews.com/news/world/cases-deadly-coronavirus-spike-officials-confirm-human-human-spread-n1118996"" dir=""ltr"" href=""https://t.co/yCNgt9JSnW"" rel=""nofollow noopener"" target=""_blank"" title=""https://www.nbcnews.com/news/world/cases-deadly-coronavirus-spike-officials-confirm-human-human-spread-n1118996""><span class=""tco-ellipsis""></span><span class=""invisible"">https://www.</span><span class=""js-display-url"">nbcnews.com/news/world/cas</span><span class=""invisible"">es-deadly-coronavirus-spike-officials-confirm-human-human-spread-n1118996</span><span class=""tco-ellipsis""><span class=""invisible""> </span>…</span></a></p>",['https://www.nbcnews.com/news/world/cases-deadly-coronavirus-spike-officials-confirm-human-human-spread-n1118996'],[],False,[],,302,290,39,True,False,,[]
4,BreakingNews,Breaking News,6017542,1219268232605061123,/BreakingNews/status/1219268232605061123,2020-01-20 14:39:34,1579531174,"The number of people known to have been infected with the coronavirus has jumped to over 200 from 62, with new cases reported in China's capital and other Asian countries; WHO has warned the virus is a new strain not previously identified in humans. https://nbcnews.to/369J1RV ","<p class=""TweetTextSize js-tweet-text tweet-text"" data-aria-label-part=""0"" lang=""en"">The number of people known to have been infected with the <strong>coronavirus</strong> has jumped to over 200 from 62, with new cases reported in China's capital and other Asian countries; WHO has warned the virus is a new strain not previously identified in humans. <a class=""twitter-timeline-link u-hidden"" data-expanded-url=""https://nbcnews.to/369J1RV"" dir=""ltr"" href=""https://t.co/ZKL9s7w7LY"" rel=""nofollow noopener"" target=""_blank"" title=""https://nbcnews.to/369J1RV""><span class=""tco-ellipsis""></span><span class=""invisible"">https://</span><span class=""js-display-url"">nbcnews.to/369J1RV</span><span class=""invisible""></span><span class=""tco-ellipsis""><span class=""invisible""> </span></span></a></p>",['https://nbcnews.to/369J1RV'],[],False,[],,269,363,31,True,False,,[]
5,BreakingNews,Breaking News,6017542,1225455136392273923,/BreakingNews/status/1225455136392273923,2020-02-06 16:24:07,1581006247,"Prominent Chinese doctor who was punished by police when he tried to warn his fellow medics about the coronavirus has died from the disease, officials at the World Health Organization say. http://nbcnews.to/2vQRQna ","<p class=""TweetTextSize js-tweet-text tweet-text"" data-aria-label-part=""0"" lang=""en"">Prominent Chinese doctor who was punished by police when he tried to warn his fellow medics about the <strong>coronavirus</strong> has died from the disease, officials at the World Health Organization say. <a class=""twitter-timeline-link u-hidden"" data-expanded-url=""http://nbcnews.to/2vQRQna"" dir=""ltr"" href=""https://t.co/Aj0aVabcvt"" rel=""nofollow noopener"" target=""_blank"" title=""http://nbcnews.to/2vQRQna""><span class=""tco-ellipsis""></span><span class=""invisible"">http://</span><span class=""js-display-url"">nbcnews.to/2vQRQna</span><span class=""invisible""></span><span class=""tco-ellipsis""><span class=""invisible""> </span></span></a></p>",['http://nbcnews.to/2vQRQna'],[],False,[],,242,224,28,True,False,,[]
6,BreakingNews,Breaking News,6017542,1224883589835317249,/BreakingNews/status/1224883589835317249,2020-02-05 02:32:59,1580869979,"10 coronavirus cases have been confirmed from cruise ship quarantined in Japan; about 3,700 people aboard the cruise ship will be quarantined for up to 2 weeks, officials say. https://nbcnews.to/2unoaxw ","<p class=""TweetTextSize js-tweet-text tweet-text"" data-aria-label-part=""0"" lang=""en"">10 <strong>coronavirus</strong> cases have been confirmed from cruise ship quarantined in Japan; about 3,700 people aboard the cruise ship will be quarantined for up to 2 weeks, officials say. <a class=""twitter-timeline-link u-hidden"" data-expanded-url=""https://nbcnews.to/2unoaxw"" dir=""ltr"" href=""https://t.co/Zewc0NLQau"" rel=""nofollow noopener"" target=""_blank"" title=""https://nbcnews.to/2unoaxw""><span class=""tco-ellipsis""></span><span class=""invisible"">https://</span><span class=""js-display-url"">nbcnews.to/2unoaxw</span><span class=""invisible""></span><span class=""tco-ellipsis""><span class=""invisible""> </span></span></a></p>",['https://nbcnews.to/2unoaxw'],[],False,[],,97,129,10,True,False,,[]
7,BreakingNews,Breaking News,6017542,1224570118610608129,/BreakingNews/status/1224570118610608129,2020-02-04 05:47:22,1580795242,Macau government says it will suspend casino operations in world's largest gambling hub for two weeks to curb spread of coronavirus - @Reuters,"<p class=""TweetTextSize js-tweet-text tweet-text"" data-aria-label-part=""0"" lang=""en"">Macau government says it will suspend casino operations in world's largest gambling hub for two weeks to curb spread of <strong>coronavirus</strong> - <a class=""twitter-atreply pretty-link js-nav"" data-mentioned-user-id=""1652541"" dir=""ltr"" href=""/Reuters""><s>@</s><b>Reuters</b></a></p>",[],[],False,[],,132,64,7,True,False,,[]
8,BreakingNews,Breaking News,6017542,1224325739115356160,/BreakingNews/status/1224325739115356160,2020-02-03 13:36:17,1580736977,"Latest on coronavirus outbreak:

Coronavirus death toll rises to 361 as confirmed cases reach 17,205 in China. http://nbcnews.to/36UpTI7 ","<p class=""TweetTextSize js-tweet-text tweet-text"" data-aria-label-part=""0"" lang=""en"">Latest on <strong>coronavirus</strong> outbreak:

<strong>Coronavirus</strong> death toll rises to 361 as confirmed cases reach 17,205 in China. <a class=""twitter-timeline-link u-hidden"" data-expanded-url=""http://nbcnews.to/36UpTI7"" dir=""ltr"" href=""https://t.co/lpDoZ7mnXy"" rel=""nofollow noopener"" target=""_blank"" title=""http://nbcnews.to/36UpTI7""><span class=""tco-ellipsis""></span><span class=""invisible"">http://</span><span class=""js-display-url"">nbcnews.to/36UpTI7</span><span class=""invisible""></span><span class=""tco-ellipsis""><span class=""invisible""> </span></span></a></p>",['http://nbcnews.to/36UpTI7'],[],False,[],,80,79,14,True,False,,[]
9,BreakingNews,Breaking News,6017542,1223674321522057216,/BreakingNews/status/1223674321522057216,2020-02-01 18:27:47,1580581667,"Latest on coronavirus outbreak:

• Death toll in China climbs to 259
• More than 11,700 confirmed cases
• US declares public health emergency
• 8th case confirmed in the US, 1st in Massachusetts

More: https://nbcnews.to/3aZbehY ","<p class=""TweetTextSize js-tweet-text tweet-text"" data-aria-label-part=""0"" lang=""en"">Latest on <strong>coronavirus</strong> outbreak:

• Death toll in China climbs to 259
• More than 11,700 confirmed cases
• US declares public health emergency
• 8th case confirmed in the US, 1st in Massachusetts

More: <a class=""twitter-timeline-link"" data-expanded-url=""https://nbcnews.to/3aZbehY"" dir=""ltr"" href=""https://t.co/Hj7aohV1LZ"" rel=""nofollow noopener"" target=""_blank"" title=""https://nbcnews.to/3aZbehY""><span class=""tco-ellipsis""></span><span class=""invisible"">https://</span><span class=""js-display-url"">nbcnews.to/3aZbehY</span><span class=""invisible""></span><span class=""tco-ellipsis""><span class=""invisible""> </span></span></a></p>",['https://nbcnews.to/3aZbehY'],[],False,[],,193,190,19,True,False,,[]
10,BreakingNews,Breaking News,6017542,1236799729566171144,/BreakingNews/status/1236799729566171144,2020-03-08 23:43:28,1583711008,"Dow futures tumble 1,000 points as oil price war adds to coronavirus stress. https://nbcnews.to/2TA2fx9 ","<p class=""TweetTextSize js-tweet-text tweet-text"" data-aria-label-part=""0"" lang=""en"">Dow futures tumble 1,000 points as oil price war adds to <strong>coronavirus</strong> stress. <a class=""twitter-timeline-link u-hidden"" data-expanded-url=""https://nbcnews.to/2TA2fx9"" dir=""ltr"" href=""https://t.co/2t04SEMEvh"" rel=""nofollow noopener"" target=""_blank"" title=""https://nbcnews.to/2TA2fx9""><span class=""tco-ellipsis""></span><span class=""invisible"">https://</span><span class=""js-display-url"">nbcnews.to/2TA2fx9</span><span class=""invisible""></span><span class=""tco-ellipsis""><span class=""invisible""> </span></span></a></p>",['https://nbcnews.to/2TA2fx9'],[],False,[],,194,127,24,True,False,,[]
11,BreakingNews,Breaking News,6017542,1236729570033795075,/BreakingNews/status/1236729570033795075,2020-03-08 19:04:41,1583694281,"Italy's coronavirus death toll rises to 366 after authorities announce another 133 deaths, the largest daily rise in reported fatalities in the country since the outbreak began. https://nbcnews.to/2TPcsEQ ","<p class=""TweetTextSize js-tweet-text tweet-text"" data-aria-label-part=""0"" lang=""en"">Italy's <strong>coronavirus</strong> death toll rises to 366 after authorities announce another 133 deaths, the largest daily rise in reported fatalities in the country since the outbreak began. <a class=""twitter-timeline-link u-hidden"" data-expanded-url=""https://nbcnews.to/2TPcsEQ"" dir=""ltr"" href=""https://t.co/DRJ4E8Y4NO"" rel=""nofollow noopener"" target=""_blank"" title=""https://nbcnews.to/2TPcsEQ""><span class=""tco-ellipsis""></span><span class=""invisible"">https://</span><span class=""js-display-url"">nbcnews.to/2TPcsEQ</span><span class=""invisible""></span><span class=""tco-ellipsis""><span class=""invisible""> </span></span></a></p>",['https://nbcnews.to/2TPcsEQ'],[],False,[],,158,144,20,True,False,,[]
12,BreakingNews,Breaking News,6017542,1236511240882700289,/BreakingNews/status/1236511240882700289,2020-03-08 04:37:07,1583642227,"The Italian government on Sunday took the most drastic measures yet to try and stop the rapid spread of the coronavirus, locking down the entire Lombardy region in the north of the country, including Milan, and more than a dozen other provinces. https://nbcnews.to/38DpP0l ","<p class=""TweetTextSize js-tweet-text tweet-text"" data-aria-label-part=""0"" lang=""en"">The Italian government on Sunday took the most drastic measures yet to try and stop the rapid spread of the <strong>coronavirus</strong>, locking down the entire Lombardy region in the north of the country, including Milan, and more than a dozen other provinces. <a class=""twitter-timeline-link u-hidden"" data-expanded-url=""https://nbcnews.to/38DpP0l"" dir=""ltr"" href=""https://t.co/m8fbjyM6za"" rel=""nofollow noopener"" target=""_blank"" title=""https://nbcnews.to/38DpP0l""><span class=""tco-ellipsis""></span><span class=""invisible"">https://</span><span class=""js-display-url"">nbcnews.to/38DpP0l</span><span class=""invisible""></span><span class=""tco-ellipsis""><span class=""invisible""> </span></span></a></p>",['https://nbcnews.to/38DpP0l'],[],False,[],,190,127,12,True,False,,[]
13,BreakingNews,Breaking News,6017542,1236419281472159744,/BreakingNews/status/1236419281472159744,2020-03-07 22:31:42,1583620302,"Death toll from coronavirus rises to 233 in Italy, as the country tries to contain the outbreak centered in the Lombardy region, which includes Milan. https://nbcnews.to/38AAEA2 ","<p class=""TweetTextSize js-tweet-text tweet-text"" data-aria-label-part=""0"" lang=""en"">Death toll from <strong>coronavirus</strong> rises to 233 in Italy, as the country tries to contain the outbreak centered in the Lombardy region, which includes Milan. <a class=""twitter-timeline-link u-hidden"" data-expanded-url=""https://nbcnews.to/38AAEA2"" dir=""ltr"" href=""https://t.co/cEFlasKMiM"" rel=""nofollow noopener"" target=""_blank"" title=""https://nbcnews.to/38AAEA2""><span class=""tco-ellipsis""></span><span class=""invisible"">https://</span><span class=""js-display-url"">nbcnews.to/38AAEA2</span><span class=""invisible""></span><span class=""tco-ellipsis""><span class=""invisible""> </span></span></a></p>",['https://nbcnews.to/38AAEA2'],[],False,[],,87,83,6,True,False,,[]
14,BreakingNews,Breaking News,6017542,1236354584848859137,/BreakingNews/status/1236354584848859137,2020-03-07 18:14:38,1583604878,New York governor declares a state of emergency after the number of known coronavirus cases in the state jumps to 76. https://nbcnews.to/2xbojoT ,"<p class=""TweetTextSize js-tweet-text tweet-text"" data-aria-label-part=""0"" lang=""en"">New York governor declares a state of emergency after the number of known <strong>coronavirus</strong> cases in the state jumps to 76. <a class=""twitter-timeline-link u-hidden"" data-expanded-url=""https://nbcnews.to/2xbojoT"" dir=""ltr"" href=""https://t.co/vcxF4BnlU2"" rel=""nofollow noopener"" target=""_blank"" title=""https://nbcnews.to/2xbojoT""><span class=""tco-ellipsis""></span><span class=""invisible"">https://</span><span class=""js-display-url"">nbcnews.to/2xbojoT</span><span class=""invisible""></span><span class=""tco-ellipsis""><span class=""invisible""> </span></span></a></p>",['https://nbcnews.to/2xbojoT'],[],False,[],,171,142,18,True,False,,[]
15,BreakingNews,Breaking News,6017542,1236317911352041473,/BreakingNews/status/1236317911352041473,2020-03-07 15:48:54,1583596134,"Hotel used for coronavirus quarantine collapses in China, trapping 70, government officials say. https://nbcnews.to/39xolG3 ","<p class=""TweetTextSize js-tweet-text tweet-text"" data-aria-label-part=""0"" lang=""en"">Hotel used for <strong>coronavirus</strong> quarantine collapses in China, trapping 70, government officials say. <a class=""twitter-timeline-link u-hidden"" data-expanded-url=""https://nbcnews.to/39xolG3"" dir=""ltr"" href=""https://t.co/VFvjo7Kipx"" rel=""nofollow noopener"" target=""_blank"" title=""https://nbcnews.to/39xolG3""><span class=""tco-ellipsis""></span><span class=""invisible"">https://</span><span class=""js-display-url"">nbcnews.to/39xolG3</span><span class=""invisible""></span><span class=""tco-ellipsis""><span class=""invisible""> </span></span></a></p>",['https://nbcnews.to/39xolG3'],[],False,[],,146,158,35,True,False,,[]
16,BreakingNews,Breaking News,6017542,1236052346112749568,/BreakingNews/status/1236052346112749568,2020-03-06 22:13:38,1583532818,SXSW festival has been cancelled due to coronavirus. https://nbcnews.to/3cySA1n ,"<p class=""TweetTextSize js-tweet-text tweet-text"" data-aria-label-part=""0"" lang=""en"">SXSW festival has been cancelled due to <strong>coronavirus</strong>. <a class=""twitter-timeline-link u-hidden"" data-expanded-url=""https://nbcnews.to/3cySA1n"" dir=""ltr"" href=""https://t.co/vPVOWyeHV4"" rel=""nofollow noopener"" target=""_blank"" title=""https://nbcnews.to/3cySA1n""><span class=""tco-ellipsis""></span><span class=""invisible"">https://</span><span class=""js-display-url"">nbcnews.to/3cySA1n</span><span class=""invisible""></span><span class=""tco-ellipsis""><span class=""invisible""> </span></span></a></p>",['https://nbcnews.to/3cySA1n'],[],False,[],,148,143,21,True,False,,[]
17,BreakingNews,Breaking News,6017542,1235935222170112001,/BreakingNews/status/1235935222170112001,2020-03-06 14:28:14,1583504894,"Global coronavirus cases reach 100,000. http://nbcnews.to/3cBA2xn ","<p class=""TweetTextSize js-tweet-text tweet-text"" data-aria-label-part=""0"" lang=""en"">Global <strong>coronavirus</strong> cases reach 100,000. <a class=""twitter-timeline-link u-hidden"" data-expanded-url=""http://nbcnews.to/3cBA2xn"" dir=""ltr"" href=""https://t.co/96fZgp2mhw"" rel=""nofollow noopener"" target=""_blank"" title=""http://nbcnews.to/3cBA2xn""><span class=""tco-ellipsis""></span><span class=""invisible"">http://</span><span class=""js-display-url"">nbcnews.to/3cBA2xn</span><span class=""invisible""></span><span class=""tco-ellipsis""><span class=""invisible""> </span></span></a></p>",['http://nbcnews.to/3cBA2xn'],[],False,[],,106,101,19,True,False,,[]
18,BreakingNews,Breaking News,6017542,1235922848117665794,/BreakingNews/status/1235922848117665794,2020-03-06 13:39:03,1583501943,"U.S. economy added 273,000 jobs in February in what economists predict could be a ""calm before the storm"" amid the coronavirus crisis. https://nbcnews.to/39ueGA5 ","<p class=""TweetTextSize js-tweet-text tweet-text"" data-aria-label-part=""0"" lang=""en"">U.S. economy added 273,000 jobs in February in what economists predict could be a ""calm before the storm"" amid the <strong>coronavirus</strong> crisis. <a class=""twitter-timeline-link u-hidden"" data-expanded-url=""https://nbcnews.to/39ueGA5"" dir=""ltr"" href=""https://t.co/DPx0zBMO6B"" rel=""nofollow noopener"" target=""_blank"" title=""https://nbcnews.to/39ueGA5""><span class=""tco-ellipsis""></span><span class=""invisible"">https://</span><span class=""js-display-url"">nbcnews.to/39ueGA5</span><span class=""invisible""></span><span class=""tco-ellipsis""><span class=""invisible""> </span></span></a></p>",['https://nbcnews.to/39ueGA5'],[],False,[],,50,30,5,True,False,,[]
19,BreakingNews,Breaking News,6017542,1233055223578583040,/BreakingNews/status/1233055223578583040,2020-02-27 15:44:09,1582818249,"Dow plunges more than 800 points amid global coronavirus concerns; down more than 2,800 points on the week. http://pscp.tv/w/1YpJkQaVPVNKj ","<p class=""TweetTextSize js-tweet-text tweet-text"" data-aria-label-part=""0"" lang=""en"">Dow plunges more than 800 points amid global <strong>coronavirus</strong> concerns; down more than 2,800 points on the week. <a class=""twitter-timeline-link"" data-expanded-url=""http://pscp.tv/w/1YpJkQaVPVNKj"" dir=""ltr"" href=""https://t.co/biBPjeR5mI"" rel=""nofollow noopener"" target=""_blank"" title=""http://pscp.tv/w/1YpJkQaVPVNKj""><span class=""tco-ellipsis""></span><span class=""invisible"">http://</span><span class=""js-display-url"">pscp.tv/w/1YpJkQaVPVNKj</span><span class=""invisible""></span><span class=""tco-ellipsis""><span class=""invisible""> </span></span></a></p>",['http://pscp.tv/w/1YpJkQaVPVNKj'],[],False,[],,224,140,52,True,False,,[]
20,BreakingNews,Breaking News,6017542,1233039068205912069,/BreakingNews/status/1233039068205912069,2020-02-27 14:39:57,1582814397,"Coronavirus latest: https://nbcnews.to/2wduKHO 

• Japan to close schools nationwide to control spread of virus

• At least 3 members of Iranian Parliament with confirmed cases

• Saudi Arabia halts pilgrimages
 
• CDC confirms first possible case in US with no known cause","<p class=""TweetTextSize js-tweet-text tweet-text"" data-aria-label-part=""0"" lang=""en""><strong>Coronavirus</strong> latest: <a class=""twitter-timeline-link"" data-expanded-url=""https://nbcnews.to/2wduKHO"" dir=""ltr"" href=""https://t.co/7XJuOTEr0H"" rel=""nofollow noopener"" target=""_blank"" title=""https://nbcnews.to/2wduKHO""><span class=""tco-ellipsis""></span><span class=""invisible"">https://</span><span class=""js-display-url"">nbcnews.to/2wduKHO</span><span class=""invisible""></span><span class=""tco-ellipsis""><span class=""invisible""> </span></span></a>

• Japan to close schools nationwide to control spread of virus

• At least 3 members of Iranian Parliament with confirmed cases

• Saudi Arabia halts pilgrimages
 
• CDC confirms first possible case in US with no known cause</p>",['https://nbcnews.to/2wduKHO'],[],False,[],,522,459,43,True,False,,[]
21,BreakingNews,Breaking News,6017542,1232823918576230400,/BreakingNews/status/1232823918576230400,2020-02-27 00:25:01,1582763101,President Trump says that his administration was taking effective steps to limit the spread of the coronavirus and that Americans were at a “very low” risk. http://nbcnews.to/2w5dhBh https://twitter.com/NBCNewsHealth/status/1232812164462845952 …,"<p class=""TweetTextSize js-tweet-text tweet-text"" data-aria-label-part=""4"" lang=""en"">President Trump says that his administration was taking effective steps to limit the spread of the <strong>coronavirus</strong> and that Americans were at a “very low” risk. <a class=""twitter-timeline-link"" data-expanded-url=""http://nbcnews.to/2w5dhBh"" dir=""ltr"" href=""https://t.co/cMLEPUHQTd"" rel=""nofollow noopener"" target=""_blank"" title=""http://nbcnews.to/2w5dhBh""><span class=""tco-ellipsis""></span><span class=""invisible"">http://</span><span class=""js-display-url"">nbcnews.to/2w5dhBh</span><span class=""invisible""></span><span class=""tco-ellipsis""><span class=""invisible""> </span></span></a><a class=""twitter-timeline-link u-hidden"" data-expanded-url=""https://twitter.com/NBCNewsHealth/status/1232812164462845952"" dir=""ltr"" href=""https://t.co/rQB5sof0QM"" rel=""nofollow noopener"" target=""_blank"" title=""https://twitter.com/NBCNewsHealth/status/1232812164462845952""><span class=""tco-ellipsis""></span><span class=""invisible"">https://</span><span class=""js-display-url"">twitter.com/NBCNewsHealth/</span><span class=""invisible"">status/1232812164462845952</span><span class=""tco-ellipsis""><span class=""invisible""> </span>…</span></a></p>","['http://nbcnews.to/2w5dhBh', 'https://twitter.com/NBCNewsHealth/status/1232812164462845952']",[],False,[],,73,39,22,True,False,,[]
22,BreakingNews,Breaking News,6017542,1232695279075438593,/BreakingNews/status/1232695279075438593,2020-02-26 15:53:51,1582732431,First coronavirus case in Latin America is confirmed in Brazil. https://nbcnews.to/3ccaXcc pic.twitter.com/7dayEf6Dly,"<p class=""TweetTextSize js-tweet-text tweet-text"" data-aria-label-part=""0"" lang=""en"">First <strong>coronavirus</strong> case in Latin America is confirmed in Brazil. <a class=""twitter-timeline-link"" data-expanded-url=""https://nbcnews.to/3ccaXcc"" dir=""ltr"" href=""https://t.co/HmEsoa9cRm"" rel=""nofollow noopener"" target=""_blank"" title=""https://nbcnews.to/3ccaXcc""><span class=""tco-ellipsis""></span><span class=""invisible"">https://</span><span class=""js-display-url"">nbcnews.to/3ccaXcc</span><span class=""invisible""></span><span class=""tco-ellipsis""><span class=""invisible""> </span></span></a><a class=""twitter-timeline-link u-hidden"" data-pre-embedded=""true"" dir=""ltr"" href=""https://t.co/7dayEf6Dly"">pic.twitter.com/7dayEf6Dly</a></p>",['https://nbcnews.to/3ccaXcc'],[],True,['https://pbs.twimg.com/media/ERtp0p1WkAE6YKp.png'],,155,147,18,True,False,,[]
23,BreakingNews,Breaking News,6017542,1232366151377833990,/BreakingNews/status/1232366151377833990,2020-02-25 18:06:01,1582653961,"Top public health officials say Americans should prepare for the spread of the coronavirus in communities across the US.

“It’s not so much a question of if this will happen any more, but rather more a question of exactly when,"" CDC official says. http://nbcnews.to/2SVGlUB ","<p class=""TweetTextSize js-tweet-text tweet-text"" data-aria-label-part=""0"" lang=""en"">Top public health officials say Americans should prepare for the spread of the <strong>coronavirus</strong> in communities across the US.

“It’s not so much a question of if this will happen any more, but rather more a question of exactly when,"" CDC official says. <a class=""twitter-timeline-link u-hidden"" data-expanded-url=""http://nbcnews.to/2SVGlUB"" dir=""ltr"" href=""https://t.co/HhZiYc9U15"" rel=""nofollow noopener"" target=""_blank"" title=""http://nbcnews.to/2SVGlUB""><span class=""tco-ellipsis""></span><span class=""invisible"">http://</span><span class=""js-display-url"">nbcnews.to/2SVGlUB</span><span class=""invisible""></span><span class=""tco-ellipsis""><span class=""invisible""> </span></span></a></p>",['http://nbcnews.to/2SVGlUB'],[],False,[],,455,472,66,True,False,,[]
24,BreakingNews,Breaking News,6017542,1231958060060549120,/BreakingNews/status/1231958060060549120,2020-02-24 15:04:24,1582556664,"Coronavirus latest: http://nbcnews.to/3a1zXB6 

• Near 2,600 deaths in China

• More than 800 confirmed cases, 8 dead in South Korea

• 47 cases confirmed in Iran; 12 deaths 

• At least 5 deaths in Italy; becomes worst-hit country in Europe","<p class=""TweetTextSize js-tweet-text tweet-text"" data-aria-label-part=""0"" lang=""en""><strong>Coronavirus</strong> latest: <a class=""twitter-timeline-link"" data-expanded-url=""http://nbcnews.to/3a1zXB6"" dir=""ltr"" href=""https://t.co/4tTlJlcFJQ"" rel=""nofollow noopener"" target=""_blank"" title=""http://nbcnews.to/3a1zXB6""><span class=""tco-ellipsis""></span><span class=""invisible"">http://</span><span class=""js-display-url"">nbcnews.to/3a1zXB6</span><span class=""invisible""></span><span class=""tco-ellipsis""><span class=""invisible""> </span></span></a>

• Near 2,600 deaths in China

• More than 800 confirmed cases, 8 dead in South Korea

• 47 cases confirmed in Iran; 12 deaths 

• At least 5 deaths in Italy; becomes worst-hit country in Europe</p>",['http://nbcnews.to/3a1zXB6'],[],False,[],,223,202,28,True,False,,[]
25,BreakingNews,Breaking News,6017542,1234858847350722565,/BreakingNews/status/1234858847350722565,2020-03-03 15:11:06,1583248266,"US Federal Reserve cuts rates by half a percentage point to combat coronavirus slowdown:

""The fundamentals of the U.S. economy remain strong. However, the coronavirus poses evolving risks to economic activity."" https://twitter.com/CNBC/status/1234857626997022721 …","<p class=""TweetTextSize js-tweet-text tweet-text"" data-aria-label-part=""4"" lang=""en"">US Federal Reserve cuts rates by half a percentage point to combat <strong>coronavirus</strong> slowdown:

""The fundamentals of the U.S. economy remain strong. However, the <strong>coronavirus</strong> poses evolving risks to economic activity."" <a class=""twitter-timeline-link u-hidden"" data-expanded-url=""https://twitter.com/CNBC/status/1234857626997022721"" dir=""ltr"" href=""https://t.co/Jc9ArVpECY"" rel=""nofollow noopener"" target=""_blank"" title=""https://twitter.com/CNBC/status/1234857626997022721""><span class=""tco-ellipsis""></span><span class=""invisible"">https://</span><span class=""js-display-url"">twitter.com/CNBC/status/12</span><span class=""invisible"">34857626997022721</span><span class=""tco-ellipsis""><span class=""invisible""> </span>…</span></a></p>",['https://twitter.com/CNBC/status/1234857626997022721'],[],False,[],,124,105,12,True,False,,[]
26,BreakingNews,Breaking News,6017542,1223073917591359488,/BreakingNews/status/1223073917591359488,2020-01-31 02:42:00,1580438520,U.S. State Dept. issues warning against travel to China amid coronavirus outbreak https://nbcnews.to/2tiCmHS ,"<p class=""TweetTextSize js-tweet-text tweet-text"" data-aria-label-part=""0"" lang=""en"">U.S. State Dept. issues warning against travel to China amid <strong>coronavirus</strong> outbreak <a class=""twitter-timeline-link u-hidden"" data-expanded-url=""https://nbcnews.to/2tiCmHS"" dir=""ltr"" href=""https://t.co/2Luv2JwDg9"" rel=""nofollow noopener"" target=""_blank"" title=""https://nbcnews.to/2tiCmHS""><span class=""tco-ellipsis""></span><span class=""invisible"">https://</span><span class=""js-display-url"">nbcnews.to/2tiCmHS</span><span class=""invisible""></span><span class=""tco-ellipsis""><span class=""invisible""> </span></span></a></p>",['https://nbcnews.to/2tiCmHS'],[],False,[],,85,50,11,True,False,,[]
27,BreakingNews,Breaking News,6017542,1221774983078215680,/BreakingNews/status/1221774983078215680,2020-01-27 12:40:30,1580128830,China's coronavirus death toll climbs to 80 as the government scrambles to contain the outbreak. https://nbcnews.to/36rcLdj ,"<p class=""TweetTextSize js-tweet-text tweet-text"" data-aria-label-part=""0"" lang=""en"">China's <strong>coronavirus</strong> death toll climbs to 80 as the government scrambles to contain the outbreak. <a class=""twitter-timeline-link u-hidden"" data-expanded-url=""https://nbcnews.to/36rcLdj"" dir=""ltr"" href=""https://t.co/iIJiNVJkKa"" rel=""nofollow noopener"" target=""_blank"" title=""https://nbcnews.to/36rcLdj""><span class=""tco-ellipsis""></span><span class=""invisible"">https://</span><span class=""js-display-url"">nbcnews.to/36rcLdj</span><span class=""invisible""></span><span class=""tco-ellipsis""><span class=""invisible""> </span></span></a></p>",['https://nbcnews.to/36rcLdj'],[],False,[],,288,213,31,True,False,,[]
28,BreakingNews,Breaking News,6017542,1250555523730210818,/BreakingNews/status/1250555523730210818,2020-04-15 22:44:05,1586990645,"Coronavirus death toll in the US rises above 30,000. https://www.nbcnews.com/health/health-news/coronavirus-deaths-u-s-map-shows-number-fatalities-compared-confirmed-n1166966 …","<p class=""TweetTextSize js-tweet-text tweet-text"" data-aria-label-part=""0"" lang=""en""><strong>Coronavirus</strong> death toll in the US rises above 30,000. <a class=""twitter-timeline-link u-hidden"" data-expanded-url=""https://www.nbcnews.com/health/health-news/coronavirus-deaths-u-s-map-shows-number-fatalities-compared-confirmed-n1166966"" dir=""ltr"" href=""https://t.co/o0TrzC9dAQ"" rel=""nofollow noopener"" target=""_blank"" title=""https://www.nbcnews.com/health/health-news/coronavirus-deaths-u-s-map-shows-number-fatalities-compared-confirmed-n1166966""><span class=""tco-ellipsis""></span><span class=""invisible"">https://www.</span><span class=""js-display-url"">nbcnews.com/health/health-</span><span class=""invisible"">news/coronavirus-deaths-u-s-map-shows-number-fatalities-compared-confirmed-n1166966</span><span class=""tco-ellipsis""><span class=""invisible""> </span>…</span></a></p>",['https://www.nbcnews.com/health/health-news/coronavirus-deaths-u-s-map-shows-number-fatalities-compared-confirmed-n1166966'],[],False,[],,148,189,35,True,False,,[]
29,BreakingNews,Breaking News,6017542,1250431926780833794,/BreakingNews/status/1250431926780833794,2020-04-15 14:32:57,1586961177,"Number of coronavirus cases around the world has topped 2M, according to tally compiled by Johns Hopkins University. https://nbcnews.to/2XK1Iee ","<p class=""TweetTextSize js-tweet-text tweet-text"" data-aria-label-part=""0"" lang=""en"">Number of <strong>coronavirus</strong> cases around the world has topped 2M, according to tally compiled by Johns Hopkins University. <a class=""twitter-timeline-link u-hidden"" data-expanded-url=""https://nbcnews.to/2XK1Iee"" dir=""ltr"" href=""https://t.co/OfYmDHH1AD"" rel=""nofollow noopener"" target=""_blank"" title=""https://nbcnews.to/2XK1Iee""><span class=""tco-ellipsis""></span><span class=""invisible"">https://</span><span class=""js-display-url"">nbcnews.to/2XK1Iee</span><span class=""invisible""></span><span class=""tco-ellipsis""><span class=""invisible""> </span></span></a></p>",['https://nbcnews.to/2XK1Iee'],[],False,[],,89,59,11,True,False,,[]
30,BreakingNews,Breaking News,6017542,1250240424565854208,/BreakingNews/status/1250240424565854208,2020-04-15 01:52:00,1586915520,Join us tonight for our next @NBCNews Special Report on the #coronavirus pandemic. pic.twitter.com/G30HQIBfW9,"<p class=""TweetTextSize js-tweet-text tweet-text"" data-aria-label-part=""0"" lang=""en"">Join us tonight for our next <a class=""twitter-atreply pretty-link js-nav"" data-mentioned-user-id=""14173315"" dir=""ltr"" href=""/NBCNews""><s>@</s><b>NBCNews</b></a> Special Report on the <a class=""twitter-hashtag pretty-link js-nav"" data-query-source=""hashtag_click"" dir=""ltr"" href=""/hashtag/coronavirus?src=hash""><s>#</s><b><strong>coronavirus</strong></b></a> pandemic. <a class=""twitter-timeline-link u-hidden"" data-pre-embedded=""true"" dir=""ltr"" href=""https://t.co/G30HQIBfW9"">pic.twitter.com/G30HQIBfW9</a></p>",[],['coronavirus'],True,['https://pbs.twimg.com/media/EVl4DfPXsAAG_0N.jpg'],,46,12,18,True,False,,[]
31,BreakingNews,Breaking News,6017542,1250044271044026368,/BreakingNews/status/1250044271044026368,2020-04-14 12:52:33,1586868753,"IMF forecasts a sharp and sustained global downturn because of coronavirus pandemic: “It is very likely that this year the global economy will experience its worst recession since the Great Depression."" https://nbcnews.to/2RDVJUB ","<p class=""TweetTextSize js-tweet-text tweet-text"" data-aria-label-part=""0"" lang=""en"">IMF forecasts a sharp and sustained global downturn because of <strong>coronavirus</strong> pandemic: “It is very likely that this year the global economy will experience its worst recession since the Great Depression."" <a class=""twitter-timeline-link u-hidden"" data-expanded-url=""https://nbcnews.to/2RDVJUB"" dir=""ltr"" href=""https://t.co/5jDbVInEIF"" rel=""nofollow noopener"" target=""_blank"" title=""https://nbcnews.to/2RDVJUB""><span class=""tco-ellipsis""></span><span class=""invisible"">https://</span><span class=""js-display-url"">nbcnews.to/2RDVJUB</span><span class=""invisible""></span><span class=""tco-ellipsis""><span class=""invisible""> </span></span></a></p>",['https://nbcnews.to/2RDVJUB'],[],False,[],,65,68,24,True,False,,[]
32,BreakingNews,Breaking News,6017542,1250035178468147203,/BreakingNews/status/1250035178468147203,2020-04-14 12:16:25,1586866585,"India extends its nationwide lockdown for its 1.3 billion people as the number of coronavirus cases crossed 10,000. https://www.nbcnews.com/health/health-news/live-blog/2020-04-14-coronavirus-news-n1183181/ncrd1183191#liveBlogHeader …","<p class=""TweetTextSize js-tweet-text tweet-text"" data-aria-label-part=""0"" lang=""en"">India extends its nationwide lockdown for its 1.3 billion people as the number of <strong>coronavirus</strong> cases crossed 10,000. <a class=""twitter-timeline-link u-hidden"" data-expanded-url=""https://www.nbcnews.com/health/health-news/live-blog/2020-04-14-coronavirus-news-n1183181/ncrd1183191#liveBlogHeader"" dir=""ltr"" href=""https://t.co/LARChxje4M"" rel=""nofollow noopener"" target=""_blank"" title=""https://www.nbcnews.com/health/health-news/live-blog/2020-04-14-coronavirus-news-n1183181/ncrd1183191#liveBlogHeader""><span class=""tco-ellipsis""></span><span class=""invisible"">https://www.</span><span class=""js-display-url"">nbcnews.com/health/health-</span><span class=""invisible"">news/live-blog/2020-04-14-coronavirus-news-n1183181/ncrd1183191#liveBlogHeader</span><span class=""tco-ellipsis""><span class=""invisible""> </span>…</span></a></p>",['https://www.nbcnews.com/health/health-news/live-blog/2020-04-14-coronavirus-news-n1183181/ncrd1183191#liveBlogHeader'],['liveBlogHeader'],False,[],,61,54,3,True,False,,[]
33,BreakingNews,Breaking News,6017542,1249775667711016972,/BreakingNews/status/1249775667711016972,2020-04-13 19:05:13,1586804713,"In a joint call Monday, the governors of several northeastern US states outlined the first steps each state will take toward easing coronavirus restrictions. https://nbcnews.to/2K0QL07 ","<p class=""TweetTextSize js-tweet-text tweet-text"" data-aria-label-part=""0"" lang=""en"">In a joint call Monday, the governors of several northeastern US states outlined the first steps each state will take toward easing <strong>coronavirus</strong> restrictions. <a class=""twitter-timeline-link u-hidden"" data-expanded-url=""https://nbcnews.to/2K0QL07"" dir=""ltr"" href=""https://t.co/PIm7lVBt6k"" rel=""nofollow noopener"" target=""_blank"" title=""https://nbcnews.to/2K0QL07""><span class=""tco-ellipsis""></span><span class=""invisible"">https://</span><span class=""js-display-url"">nbcnews.to/2K0QL07</span><span class=""invisible""></span><span class=""tco-ellipsis""><span class=""invisible""> </span></span></a></p>",['https://nbcnews.to/2K0QL07'],[],False,[],,76,36,16,True,False,,[]
34,BreakingNews,Breaking News,6017542,1249136554527862784,/BreakingNews/status/1249136554527862784,2020-04-12 00:45:37,1586652337,"Walt Disney Co. plans to furlough 43,000 workers at its Disney World resort in Orlando, Florida, as coronavirus forces theme parks around the country to close indefinitely. https://nbcnews.to/2XvcC7x ","<p class=""TweetTextSize js-tweet-text tweet-text"" data-aria-label-part=""0"" lang=""en"">Walt Disney Co. plans to furlough 43,000 workers at its Disney World resort in Orlando, Florida, as <strong>coronavirus</strong> forces theme parks around the country to close indefinitely. <a class=""twitter-timeline-link u-hidden"" data-expanded-url=""https://nbcnews.to/2XvcC7x"" dir=""ltr"" href=""https://t.co/ZNlTzJuZgn"" rel=""nofollow noopener"" target=""_blank"" title=""https://nbcnews.to/2XvcC7x""><span class=""tco-ellipsis""></span><span class=""invisible"">https://</span><span class=""js-display-url"">nbcnews.to/2XvcC7x</span><span class=""invisible""></span><span class=""tco-ellipsis""><span class=""invisible""> </span></span></a></p>",['https://nbcnews.to/2XvcC7x'],[],False,[],,124,132,29,True,False,,[]
35,BreakingNews,Breaking News,6017542,1249113479266676737,/BreakingNews/status/1249113479266676737,2020-04-11 23:13:55,1586646835,Planned Parenthood asks U.S. Supreme Court to step into the Texas legal battle over whether abortions should be accessible during the coronavirus pandemic. https://nbcnews.to/3eaWdvf ,"<p class=""TweetTextSize js-tweet-text tweet-text"" data-aria-label-part=""0"" lang=""en"">Planned Parenthood asks U.S. Supreme Court to step into the Texas legal battle over whether abortions should be accessible during the <strong>coronavirus</strong> pandemic. <a class=""twitter-timeline-link u-hidden"" data-expanded-url=""https://nbcnews.to/3eaWdvf"" dir=""ltr"" href=""https://t.co/DmziyRv184"" rel=""nofollow noopener"" target=""_blank"" title=""https://nbcnews.to/3eaWdvf""><span class=""tco-ellipsis""></span><span class=""invisible"">https://</span><span class=""js-display-url"">nbcnews.to/3eaWdvf</span><span class=""invisible""></span><span class=""tco-ellipsis""><span class=""invisible""> </span></span></a></p>",['https://nbcnews.to/3eaWdvf'],[],False,[],,95,47,20,True,False,,[]
36,BreakingNews,Breaking News,6017542,1249103232632143873,/BreakingNews/status/1249103232632143873,2020-04-11 22:33:12,1586644392,"Americans are starting to receive their cash payments via direct deposits, part of the $2T bill passed by Congress to stimulate the economy after the decline caused by the coronavirus pandemic. https://nbcnews.to/2Xvv1RM ","<p class=""TweetTextSize js-tweet-text tweet-text"" data-aria-label-part=""0"" lang=""en"">Americans are starting to receive their cash payments via direct deposits, part of the $2T bill passed by Congress to stimulate the economy after the decline caused by the <strong>coronavirus</strong> pandemic. <a class=""twitter-timeline-link u-hidden"" data-expanded-url=""https://nbcnews.to/2Xvv1RM"" dir=""ltr"" href=""https://t.co/av3hjrDucq"" rel=""nofollow noopener"" target=""_blank"" title=""https://nbcnews.to/2Xvv1RM""><span class=""tco-ellipsis""></span><span class=""invisible"">https://</span><span class=""js-display-url"">nbcnews.to/2Xvv1RM</span><span class=""invisible""></span><span class=""tco-ellipsis""><span class=""invisible""> </span></span></a></p>",['https://nbcnews.to/2Xvv1RM'],[],False,[],,145,90,24,True,False,,[]
37,BreakingNews,Breaking News,6017542,1248677027919642627,/BreakingNews/status/1248677027919642627,2020-04-10 18:19:37,1586542777,"Global coronavirus death toll surpasses 100,000, according to a tally compiled by Johns Hopkins University. https://nbcnews.to/34oXHgQ ","<p class=""TweetTextSize js-tweet-text tweet-text"" data-aria-label-part=""0"" lang=""en"">Global <strong>coronavirus</strong> death toll surpasses 100,000, according to a tally compiled by Johns Hopkins University. <a class=""twitter-timeline-link u-hidden"" data-expanded-url=""https://nbcnews.to/34oXHgQ"" dir=""ltr"" href=""https://t.co/RuIFdWFELc"" rel=""nofollow noopener"" target=""_blank"" title=""https://nbcnews.to/34oXHgQ""><span class=""tco-ellipsis""></span><span class=""invisible"">https://</span><span class=""js-display-url"">nbcnews.to/34oXHgQ</span><span class=""invisible""></span><span class=""tco-ellipsis""><span class=""invisible""> </span></span></a></p>",['https://nbcnews.to/34oXHgQ'],[],False,[],,67,47,8,True,False,,[]
38,BreakingNews,Breaking News,6017542,1248420353346392065,/BreakingNews/status/1248420353346392065,2020-04-10 01:19:41,1586481581,"California experienced its first daily decrease in intensive care hospitalizations since the start of the coronavirus outbreak.
https://nbcnews.to/34r9yLt ","<p class=""TweetTextSize js-tweet-text tweet-text"" data-aria-label-part=""0"" lang=""en"">California experienced its first daily decrease in intensive care hospitalizations since the start of the <strong>coronavirus</strong> outbreak.
<a class=""twitter-timeline-link u-hidden"" data-expanded-url=""https://nbcnews.to/34r9yLt"" dir=""ltr"" href=""https://t.co/lTaCPY3gnn"" rel=""nofollow noopener"" target=""_blank"" title=""https://nbcnews.to/34r9yLt""><span class=""tco-ellipsis""></span><span class=""invisible"">https://</span><span class=""js-display-url"">nbcnews.to/34r9yLt</span><span class=""invisible""></span><span class=""tco-ellipsis""><span class=""invisible""> </span></span></a></p>",['https://nbcnews.to/34r9yLt'],[],False,[],,322,77,9,True,False,,[]
39,BreakingNews,Breaking News,6017542,1248321403235033099,/BreakingNews/status/1248321403235033099,2020-04-09 18:46:29,1586457989,British PM Johnson has been moved out of ICU after coronavirus hospitalization. https://nbcnews.to/34nyh3b ,"<p class=""TweetTextSize js-tweet-text tweet-text"" data-aria-label-part=""0"" lang=""en"">British PM Johnson has been moved out of ICU after <strong>coronavirus</strong> hospitalization. <a class=""twitter-timeline-link u-hidden"" data-expanded-url=""https://nbcnews.to/34nyh3b"" dir=""ltr"" href=""https://t.co/OrjVuEUrAR"" rel=""nofollow noopener"" target=""_blank"" title=""https://nbcnews.to/34nyh3b""><span class=""tco-ellipsis""></span><span class=""invisible"">https://</span><span class=""js-display-url"">nbcnews.to/34nyh3b</span><span class=""invisible""></span><span class=""tco-ellipsis""><span class=""invisible""> </span></span></a></p>",['https://nbcnews.to/34nyh3b'],[],False,[],,189,59,14,True,False,,[]
40,BreakingNews,Breaking News,6017542,1248218873335361537,/BreakingNews/status/1248218873335361537,2020-04-09 11:59:04,1586433544,A sailor assigned to the USS Theodore Roosevelt has tested positive for the coronavirus and transferred to ICU after being found unresponsive in their room in Guam. https://nbcnews.to/2Xmq5hX ,"<p class=""TweetTextSize js-tweet-text tweet-text"" data-aria-label-part=""0"" lang=""en"">A sailor assigned to the USS Theodore Roosevelt has tested positive for the <strong>coronavirus</strong> and transferred to ICU after being found unresponsive in their room in Guam. <a class=""twitter-timeline-link u-hidden"" data-expanded-url=""https://nbcnews.to/2Xmq5hX"" dir=""ltr"" href=""https://t.co/H74UdVQKlV"" rel=""nofollow noopener"" target=""_blank"" title=""https://nbcnews.to/2Xmq5hX""><span class=""tco-ellipsis""></span><span class=""invisible"">https://</span><span class=""js-display-url"">nbcnews.to/2Xmq5hX</span><span class=""invisible""></span><span class=""tco-ellipsis""><span class=""invisible""> </span></span></a></p>",['https://nbcnews.to/2Xmq5hX'],[],False,[],,87,82,10,True,False,,[]
41,BreakingNews,Breaking News,6017542,1248029414434017280,/BreakingNews/status/1248029414434017280,2020-04-08 23:26:14,1586388374,"More than 4,200 people have died from the coronavirus in New York City, health officials say. https://nbcnews.to/2x3mWsV ","<p class=""TweetTextSize js-tweet-text tweet-text"" data-aria-label-part=""0"" lang=""en"">More than 4,200 people have died from the <strong>coronavirus</strong> in New York City, health officials say. <a class=""twitter-timeline-link u-hidden"" data-expanded-url=""https://nbcnews.to/2x3mWsV"" dir=""ltr"" href=""https://t.co/LZjVQ18C8x"" rel=""nofollow noopener"" target=""_blank"" title=""https://nbcnews.to/2x3mWsV""><span class=""tco-ellipsis""></span><span class=""invisible"">https://</span><span class=""js-display-url"">nbcnews.to/2x3mWsV</span><span class=""invisible""></span><span class=""tco-ellipsis""><span class=""invisible""> </span></span></a></p>",['https://nbcnews.to/2x3mWsV'],[],False,[],,65,76,18,True,False,,[]
42,BreakingNews,Breaking News,6017542,1247842923376508929,/BreakingNews/status/1247842923376508929,2020-04-08 11:05:11,1586343911,"Ethiopia, Africa's second most populous country, declares a state of emergency amid the coronavirus pandemic. https://nbcnews.to/2US7N6N ","<p class=""TweetTextSize js-tweet-text tweet-text"" data-aria-label-part=""0"" lang=""en"">Ethiopia, Africa's second most populous country, declares a state of emergency amid the <strong>coronavirus</strong> pandemic. <a class=""twitter-timeline-link u-hidden"" data-expanded-url=""https://nbcnews.to/2US7N6N"" dir=""ltr"" href=""https://t.co/FX9djghgbw"" rel=""nofollow noopener"" target=""_blank"" title=""https://nbcnews.to/2US7N6N""><span class=""tco-ellipsis""></span><span class=""invisible"">https://</span><span class=""js-display-url"">nbcnews.to/2US7N6N</span><span class=""invisible""></span><span class=""tco-ellipsis""><span class=""invisible""> </span></span></a></p>",['https://nbcnews.to/2US7N6N'],[],False,[],,77,62,2,True,False,,[]
43,BreakingNews,Breaking News,6017542,1247704624821346305,/BreakingNews/status/1247704624821346305,2020-04-08 01:55:38,1586310938,"Legendary country and folk singer John Prine has died from coronavirus complications, a publicist confirmed on behalf of the Prine family. http://NBCNews.com pic.twitter.com/NKngq0V1fI","<p class=""TweetTextSize js-tweet-text tweet-text"" data-aria-label-part=""0"" lang=""en"">Legendary country and folk singer John Prine has died from <strong>coronavirus</strong> complications, a publicist confirmed on behalf of the Prine family. <a class=""twitter-timeline-link"" data-expanded-url=""http://NBCNews.com"" dir=""ltr"" href=""https://t.co/RXQR6a1Y0D"" rel=""nofollow noopener"" target=""_blank"" title=""http://NBCNews.com""><span class=""tco-ellipsis""></span><span class=""invisible"">http://</span><span class=""js-display-url"">NBCNews.com</span><span class=""invisible""></span><span class=""tco-ellipsis""><span class=""invisible""> </span></span></a><a class=""twitter-timeline-link u-hidden"" data-pre-embedded=""true"" dir=""ltr"" href=""https://t.co/NKngq0V1fI"">pic.twitter.com/NKngq0V1fI</a></p>",['http://NBCNews.com'],[],True,['https://pbs.twimg.com/media/EVC8sBwXgAEpZ4h.jpg'],,382,186,58,True,False,,[]
44,BreakingNews,Breaking News,6017542,1247658880315908096,/BreakingNews/status/1247658880315908096,2020-04-07 22:53:52,1586300032,"New York City suffers its deadliest 24 hours of the coronavirus pandemic with a spike of 806 deaths, as more than 3,500 people have now died, officials say Tuesday night. https://nbcnews.to/3aSEG8P ","<p class=""TweetTextSize js-tweet-text tweet-text"" data-aria-label-part=""0"" lang=""en"">New York City suffers its deadliest 24 hours of the <strong>coronavirus</strong> pandemic with a spike of 806 deaths, as more than 3,500 people have now died, officials say Tuesday night. <a class=""twitter-timeline-link u-hidden"" data-expanded-url=""https://nbcnews.to/3aSEG8P"" dir=""ltr"" href=""https://t.co/VowYFw8ZVt"" rel=""nofollow noopener"" target=""_blank"" title=""https://nbcnews.to/3aSEG8P""><span class=""tco-ellipsis""></span><span class=""invisible"">https://</span><span class=""js-display-url"">nbcnews.to/3aSEG8P</span><span class=""invisible""></span><span class=""tco-ellipsis""><span class=""invisible""> </span></span></a></p>",['https://nbcnews.to/3aSEG8P'],[],False,[],,115,108,14,True,False,,[]
45,BreakingNews,Breaking News,6017542,1247616737337577474,/BreakingNews/status/1247616737337577474,2020-04-07 20:06:24,1586289984,Acting US Navy secretary offers to resign amid firestorm over firing of captain who raised coronavirus concerns. https://nbcnews.to/34jXETn ,"<p class=""TweetTextSize js-tweet-text tweet-text"" data-aria-label-part=""0"" lang=""en"">Acting US Navy secretary offers to resign amid firestorm over firing of captain who raised <strong>coronavirus</strong> concerns. <a class=""twitter-timeline-link u-hidden"" data-expanded-url=""https://nbcnews.to/34jXETn"" dir=""ltr"" href=""https://t.co/1CK8hoambe"" rel=""nofollow noopener"" target=""_blank"" title=""https://nbcnews.to/34jXETn""><span class=""tco-ellipsis""></span><span class=""invisible"">https://</span><span class=""js-display-url"">nbcnews.to/34jXETn</span><span class=""invisible""></span><span class=""tco-ellipsis""><span class=""invisible""> </span></span></a></p>",['https://nbcnews.to/34jXETn'],[],False,[],,141,42,15,True,False,,[]
46,BreakingNews,Breaking News,6017542,1247609709139562496,/BreakingNews/status/1247609709139562496,2020-04-07 19:38:28,1586288308,"Coronavirus death toll in France surpasses 10,000, despite severe quarantine measures that have been put in place across the country to slow the spread of the virus. https://nbcnews.to/2JKqfI4 ","<p class=""TweetTextSize js-tweet-text tweet-text"" data-aria-label-part=""0"" lang=""en""><strong>Coronavirus</strong> death toll in France surpasses 10,000, despite severe quarantine measures that have been put in place across the country to slow the spread of the virus. <a class=""twitter-timeline-link u-hidden"" data-expanded-url=""https://nbcnews.to/2JKqfI4"" dir=""ltr"" href=""https://t.co/XdYYw7rMDu"" rel=""nofollow noopener"" target=""_blank"" title=""https://nbcnews.to/2JKqfI4""><span class=""tco-ellipsis""></span><span class=""invisible"">https://</span><span class=""js-display-url"">nbcnews.to/2JKqfI4</span><span class=""invisible""></span><span class=""tco-ellipsis""><span class=""invisible""> </span></span></a></p>",['https://nbcnews.to/2JKqfI4'],[],False,[],,74,77,12,True,False,,[]
47,BreakingNews,Breaking News,6017542,1247603863521234944,/BreakingNews/status/1247603863521234944,2020-04-07 19:15:15,1586286915,"President Trump removes acting Pentagon inspector general Glenn Fine, who was set to oversee the $2T coronavirus relief spending package. http://nbcnews.to/3bWzv87 ","<p class=""TweetTextSize js-tweet-text tweet-text"" data-aria-label-part=""0"" lang=""en"">President Trump removes acting Pentagon inspector general Glenn Fine, who was set to oversee the $2T <strong>coronavirus</strong> relief spending package. <a class=""twitter-timeline-link u-hidden"" data-expanded-url=""http://nbcnews.to/3bWzv87"" dir=""ltr"" href=""https://t.co/agUsL4T5NI"" rel=""nofollow noopener"" target=""_blank"" title=""http://nbcnews.to/3bWzv87""><span class=""tco-ellipsis""></span><span class=""invisible"">http://</span><span class=""js-display-url"">nbcnews.to/3bWzv87</span><span class=""invisible""></span><span class=""tco-ellipsis""><span class=""invisible""> </span></span></a></p>",['http://nbcnews.to/3bWzv87'],[],False,[],,159,163,50,True,False,,[]
48,BreakingNews,Breaking News,6017542,1247574553292869639,/BreakingNews/status/1247574553292869639,2020-04-07 17:18:46,1586279926,"The UK has recorded its highest daily death toll since the beginning of the coronavirus outbreak, with 786 news deaths recorded in a single day. https://nbcnews.to/34hCDJ0 ","<p class=""TweetTextSize js-tweet-text tweet-text"" data-aria-label-part=""0"" lang=""en"">The UK has recorded its highest daily death toll since the beginning of the <strong>coronavirus</strong> outbreak, with 786 news deaths recorded in a single day. <a class=""twitter-timeline-link u-hidden"" data-expanded-url=""https://nbcnews.to/34hCDJ0"" dir=""ltr"" href=""https://t.co/7RS5ZxQDrL"" rel=""nofollow noopener"" target=""_blank"" title=""https://nbcnews.to/34hCDJ0""><span class=""tco-ellipsis""></span><span class=""invisible"">https://</span><span class=""js-display-url"">nbcnews.to/34hCDJ0</span><span class=""invisible""></span><span class=""tco-ellipsis""><span class=""invisible""> </span></span></a></p>",['https://nbcnews.to/34hCDJ0'],[],False,[],,59,56,4,True,False,,[]
49,BreakingNews,Breaking News,6017542,1247484023846379522,/BreakingNews/status/1247484023846379522,2020-04-07 11:19:03,1586258343,Japan's PM Abe declares a state of emergency as coronavirus cases rise. https://nbcnews.to/34jhC0C ,"<p class=""TweetTextSize js-tweet-text tweet-text"" data-aria-label-part=""0"" lang=""en"">Japan's PM Abe declares a state of emergency as <strong>coronavirus</strong> cases rise. <a class=""twitter-timeline-link u-hidden"" data-expanded-url=""https://nbcnews.to/34jhC0C"" dir=""ltr"" href=""https://t.co/UBRAxf2Ip1"" rel=""nofollow noopener"" target=""_blank"" title=""https://nbcnews.to/34jhC0C""><span class=""tco-ellipsis""></span><span class=""invisible"">https://</span><span class=""js-display-url"">nbcnews.to/34jhC0C</span><span class=""invisible""></span><span class=""tco-ellipsis""><span class=""invisible""> </span></span></a></p>",['https://nbcnews.to/34jhC0C'],[],False,[],,76,52,3,True,False,,[]
50,BreakingNews,Breaking News,6017542,1247242299458928641,/BreakingNews/status/1247242299458928641,2020-04-06 19:18:31,1586200711,"British PM Johnson has been moved to the ICU after being admitted to the hospital Sunday night with persistent symptoms of coronavirus, spokesman says. http://NBCNews.com ","<p class=""TweetTextSize js-tweet-text tweet-text"" data-aria-label-part=""0"" lang=""en"">British PM Johnson has been moved to the ICU after being admitted to the hospital Sunday night with persistent symptoms of <strong>coronavirus</strong>, spokesman says. <a class=""twitter-timeline-link u-hidden"" data-expanded-url=""http://NBCNews.com"" dir=""ltr"" href=""https://t.co/RXQR6a1Y0D"" rel=""nofollow noopener"" target=""_blank"" title=""http://NBCNews.com""><span class=""tco-ellipsis""></span><span class=""invisible"">http://</span><span class=""js-display-url"">NBCNews.com</span><span class=""invisible""></span><span class=""tco-ellipsis""><span class=""invisible""> </span></span></a></p>",['http://NBCNews.com'],[],False,[],,235,257,39,True,False,,[]
51,BreakingNews,Breaking News,6017542,1247235306572701696,/BreakingNews/status/1247235306572701696,2020-04-06 18:50:44,1586199044,"Italy’s death toll from coronavirus surpasses 16,000, officials say. 

There have been at least 132,547 positive coronavirus cases in the country. https://www.nbcnews.com/health/health-news/live-blog/2020-04-06-coronavirus-news-n1177341/ncrd1177756#liveBlogHeader …","<p class=""TweetTextSize js-tweet-text tweet-text"" data-aria-label-part=""0"" lang=""en"">Italy’s death toll from <strong>coronavirus</strong> surpasses 16,000, officials say. 

There have been at least 132,547 positive <strong>coronavirus</strong> cases in the country. <a class=""twitter-timeline-link u-hidden"" data-expanded-url=""https://www.nbcnews.com/health/health-news/live-blog/2020-04-06-coronavirus-news-n1177341/ncrd1177756#liveBlogHeader"" dir=""ltr"" href=""https://t.co/wvHaieit4H"" rel=""nofollow noopener"" target=""_blank"" title=""https://www.nbcnews.com/health/health-news/live-blog/2020-04-06-coronavirus-news-n1177341/ncrd1177756#liveBlogHeader""><span class=""tco-ellipsis""></span><span class=""invisible"">https://www.</span><span class=""js-display-url"">nbcnews.com/health/health-</span><span class=""invisible"">news/live-blog/2020-04-06-coronavirus-news-n1177341/ncrd1177756#liveBlogHeader</span><span class=""tco-ellipsis""><span class=""invisible""> </span>…</span></a></p>",['https://www.nbcnews.com/health/health-news/live-blog/2020-04-06-coronavirus-news-n1177341/ncrd1177756#liveBlogHeader'],['liveBlogHeader'],False,[],,79,78,5,True,False,,[]
52,BreakingNews,Breaking News,6017542,1247110855176716289,/BreakingNews/status/1247110855176716289,2020-04-06 10:36:12,1586169372,"Internal government watchdog report from the Dept. of Health and Human Services:

US hospitals are warning that supply shortages and confusing government guidance on coronavirus put staff and patients at risk. https://nbcnews.to/2UPpvId ","<p class=""TweetTextSize js-tweet-text tweet-text"" data-aria-label-part=""0"" lang=""en"">Internal government watchdog report from the Dept. of Health and Human Services:

US hospitals are warning that supply shortages and confusing government guidance on <strong>coronavirus</strong> put staff and patients at risk. <a class=""twitter-timeline-link u-hidden"" data-expanded-url=""https://nbcnews.to/2UPpvId"" dir=""ltr"" href=""https://t.co/YWXdyFnQzD"" rel=""nofollow noopener"" target=""_blank"" title=""https://nbcnews.to/2UPpvId""><span class=""tco-ellipsis""></span><span class=""invisible"">https://</span><span class=""js-display-url"">nbcnews.to/2UPpvId</span><span class=""invisible""></span><span class=""tco-ellipsis""><span class=""invisible""> </span></span></a></p>",['https://nbcnews.to/2UPpvId'],[],False,[],,179,129,18,True,False,,[]
53,BreakingNews,Breaking News,6017542,1246986479592787968,/BreakingNews/status/1246986479592787968,2020-04-06 02:21:59,1586139719,American Airlines said Sunday that it is suspending more flights to 3 New York City-area airports in response to the coronavirus pandemic. https://nbcnews.to/2whdKk5 ,"<p class=""TweetTextSize js-tweet-text tweet-text"" data-aria-label-part=""0"" lang=""en"">American Airlines said Sunday that it is suspending more flights to 3 New York City-area airports in response to the <strong>coronavirus</strong> pandemic. <a class=""twitter-timeline-link u-hidden"" data-expanded-url=""https://nbcnews.to/2whdKk5"" dir=""ltr"" href=""https://t.co/pACGe3yLmB"" rel=""nofollow noopener"" target=""_blank"" title=""https://nbcnews.to/2whdKk5""><span class=""tco-ellipsis""></span><span class=""invisible"">https://</span><span class=""js-display-url"">nbcnews.to/2whdKk5</span><span class=""invisible""></span><span class=""tco-ellipsis""><span class=""invisible""> </span></span></a></p>",['https://nbcnews.to/2whdKk5'],[],False,[],,97,60,3,True,False,,[]
54,BreakingNews,Breaking News,6017542,1246955985131974656,/BreakingNews/status/1246955985131974656,2020-04-06 00:20:48,1586132448,"Authorities in Texas will begin screening drivers traveling across state lines from Louisiana, a state hard-hit by the coronavirus pandemic, to enforce a mandatory two-week quarantine, officials say. https://nbcnews.to/2UKvqy5 ","<p class=""TweetTextSize js-tweet-text tweet-text"" data-aria-label-part=""0"" lang=""en"">Authorities in Texas will begin screening drivers traveling across state lines from Louisiana, a state hard-hit by the <strong>coronavirus</strong> pandemic, to enforce a mandatory two-week quarantine, officials say. <a class=""twitter-timeline-link u-hidden"" data-expanded-url=""https://nbcnews.to/2UKvqy5"" dir=""ltr"" href=""https://t.co/5nkigEbb2R"" rel=""nofollow noopener"" target=""_blank"" title=""https://nbcnews.to/2UKvqy5""><span class=""tco-ellipsis""></span><span class=""invisible"">https://</span><span class=""js-display-url"">nbcnews.to/2UKvqy5</span><span class=""invisible""></span><span class=""tco-ellipsis""><span class=""invisible""> </span></span></a></p>",['https://nbcnews.to/2UKvqy5'],[],False,[],,158,90,14,True,False,,[]
55,BreakingNews,Breaking News,6017542,1246900106886025216,/BreakingNews/status/1246900106886025216,2020-04-05 20:38:46,1586119126,UK PM Johnson hospitalized with persistent coronavirus symptoms. https://nbcnews.to/3aOsENG ,"<p class=""TweetTextSize js-tweet-text tweet-text"" data-aria-label-part=""0"" lang=""en"">UK PM Johnson hospitalized with persistent <strong>coronavirus</strong> symptoms. <a class=""twitter-timeline-link u-hidden"" data-expanded-url=""https://nbcnews.to/3aOsENG"" dir=""ltr"" href=""https://t.co/kua3MBkA4p"" rel=""nofollow noopener"" target=""_blank"" title=""https://nbcnews.to/3aOsENG""><span class=""tco-ellipsis""></span><span class=""invisible"">https://</span><span class=""js-display-url"">nbcnews.to/3aOsENG</span><span class=""invisible""></span><span class=""tco-ellipsis""><span class=""invisible""> </span></span></a></p>",['https://nbcnews.to/3aOsENG'],[],False,[],,117,85,10,True,False,,[]
56,BreakingNews,Breaking News,6017542,1246888778251239424,/BreakingNews/status/1246888778251239424,2020-04-05 19:53:45,1586116425,Queen Elizabeth II urged her subjects to show the same “self-discipline” and “quiet good-humored resolve” that characterized previous generations in a rare address to the nation about the coronavirus epidemic on Sunday. https://nbcnews.to/3dZSekP ,"<p class=""TweetTextSize js-tweet-text tweet-text"" data-aria-label-part=""0"" lang=""en"">Queen Elizabeth II urged her subjects to show the same “self-discipline” and “quiet good-humored resolve” that characterized previous generations in a rare address to the nation about the <strong>coronavirus</strong> epidemic on Sunday. <a class=""twitter-timeline-link u-hidden"" data-expanded-url=""https://nbcnews.to/3dZSekP"" dir=""ltr"" href=""https://t.co/wxkpUY5WhF"" rel=""nofollow noopener"" target=""_blank"" title=""https://nbcnews.to/3dZSekP""><span class=""tco-ellipsis""></span><span class=""invisible"">https://</span><span class=""js-display-url"">nbcnews.to/3dZSekP</span><span class=""invisible""></span><span class=""tco-ellipsis""><span class=""invisible""> </span></span></a></p>",['https://nbcnews.to/3dZSekP'],[],False,[],,392,119,26,True,False,,[]
57,BreakingNews,Breaking News,6017542,1246618065934090240,/BreakingNews/status/1246618065934090240,2020-04-05 01:58:02,1586051882,New York City sees largest daily spike in coronavirus deaths on Saturday. https://nbcnews.to/2x6xirI ,"<p class=""TweetTextSize js-tweet-text tweet-text"" data-aria-label-part=""0"" lang=""en"">New York City sees largest daily spike in <strong>coronavirus</strong> deaths on Saturday. <a class=""twitter-timeline-link u-hidden"" data-expanded-url=""https://nbcnews.to/2x6xirI"" dir=""ltr"" href=""https://t.co/547JmB7Hed"" rel=""nofollow noopener"" target=""_blank"" title=""https://nbcnews.to/2x6xirI""><span class=""tco-ellipsis""></span><span class=""invisible"">https://</span><span class=""js-display-url"">nbcnews.to/2x6xirI</span><span class=""invisible""></span><span class=""tco-ellipsis""><span class=""invisible""> </span></span></a></p>",['https://nbcnews.to/2x6xirI'],[],False,[],,82,63,10,True,False,,[]
58,BreakingNews,Breaking News,6017542,1246538643231170560,/BreakingNews/status/1246538643231170560,2020-04-04 20:42:26,1586032946,"The total number of coronavirus cases in the U.S. has risen to more than 300,000, with the death toll surpassing 8,000. https://nbcnews.to/3bO2MBR ","<p class=""TweetTextSize js-tweet-text tweet-text"" data-aria-label-part=""0"" lang=""en"">The total number of <strong>coronavirus</strong> cases in the U.S. has risen to more than 300,000, with the death toll surpassing 8,000. <a class=""twitter-timeline-link u-hidden"" data-expanded-url=""https://nbcnews.to/3bO2MBR"" dir=""ltr"" href=""https://t.co/OdL4qPT3IY"" rel=""nofollow noopener"" target=""_blank"" title=""https://nbcnews.to/3bO2MBR""><span class=""tco-ellipsis""></span><span class=""invisible"">https://</span><span class=""js-display-url"">nbcnews.to/3bO2MBR</span><span class=""invisible""></span><span class=""tco-ellipsis""><span class=""invisible""> </span></span></a></p>",['https://nbcnews.to/3bO2MBR'],[],False,[],,104,104,20,True,False,,[]
59,BreakingNews,Breaking News,6017542,1246257377495650304,/BreakingNews/status/1246257377495650304,2020-04-04 02:04:47,1585965887,"The coronavirus pandemic will cost the global economy as much as $4,100,000,000,000, or nearly 5% of all economic activity, experts say. https://nbcnews.to/2UZLpaf ","<p class=""TweetTextSize js-tweet-text tweet-text"" data-aria-label-part=""0"" lang=""en"">The <strong>coronavirus</strong> pandemic will cost the global economy as much as $4,100,000,000,000, or nearly 5% of all economic activity, experts say. <a class=""twitter-timeline-link u-hidden"" data-expanded-url=""https://nbcnews.to/2UZLpaf"" dir=""ltr"" href=""https://t.co/9TfMZRgVZY"" rel=""nofollow noopener"" target=""_blank"" title=""https://nbcnews.to/2UZLpaf""><span class=""tco-ellipsis""></span><span class=""invisible"">https://</span><span class=""js-display-url"">nbcnews.to/2UZLpaf</span><span class=""invisible""></span><span class=""tco-ellipsis""><span class=""invisible""> </span></span></a></p>",['https://nbcnews.to/2UZLpaf'],[],False,[],,204,175,50,True,False,,[]
60,BreakingNews,Breaking News,6017542,1246223353754648578,/BreakingNews/status/1246223353754648578,2020-04-03 23:49:35,1585957775,Montana's June 2 primary will be conducted by mail in an effort to limit the spread of coronavirus; ballots will be mailed out on May 8. https://nbcnews.to/39KmYTE ,"<p class=""TweetTextSize js-tweet-text tweet-text"" data-aria-label-part=""0"" lang=""en"">Montana's June 2 primary will be conducted by mail in an effort to limit the spread of <strong>coronavirus</strong>; ballots will be mailed out on May 8. <a class=""twitter-timeline-link u-hidden"" data-expanded-url=""https://nbcnews.to/39KmYTE"" dir=""ltr"" href=""https://t.co/84eWojOAIQ"" rel=""nofollow noopener"" target=""_blank"" title=""https://nbcnews.to/39KmYTE""><span class=""tco-ellipsis""></span><span class=""invisible"">https://</span><span class=""js-display-url"">nbcnews.to/39KmYTE</span><span class=""invisible""></span><span class=""tco-ellipsis""><span class=""invisible""> </span></span></a></p>",['https://nbcnews.to/39KmYTE'],[],False,[],,178,59,21,True,False,,[]
61,BreakingNews,Breaking News,6017542,1246052359924523008,/BreakingNews/status/1246052359924523008,2020-04-03 12:30:07,1585917007,"Spain’s coronavirus death toll nears 11,000 on Friday.

Spain now has more infections than any other country in Europe with almost 118,000 cases. https://nbcnews.to/2Ra9av8 ","<p class=""TweetTextSize js-tweet-text tweet-text"" data-aria-label-part=""0"" lang=""en"">Spain’s <strong>coronavirus</strong> death toll nears 11,000 on Friday.

Spain now has more infections than any other country in Europe with almost 118,000 cases. <a class=""twitter-timeline-link u-hidden"" data-expanded-url=""https://nbcnews.to/2Ra9av8"" dir=""ltr"" href=""https://t.co/IE9f1WR6yP"" rel=""nofollow noopener"" target=""_blank"" title=""https://nbcnews.to/2Ra9av8""><span class=""tco-ellipsis""></span><span class=""invisible"">https://</span><span class=""js-display-url"">nbcnews.to/2Ra9av8</span><span class=""invisible""></span><span class=""tco-ellipsis""><span class=""invisible""> </span></span></a></p>",['https://nbcnews.to/2Ra9av8'],[],False,[],,71,67,3,True,False,,[]
62,BreakingNews,Breaking News,6017542,1245918022415446022,/BreakingNews/status/1245918022415446022,2020-04-03 03:36:19,1585884979,"The White House is expected to urge Americans who live in areas of high coronavirus transmission to wear cloth face coverings to prevent the spread of the virus, a senior admin. official tells @NBCNews.https://nbcnews.to/2UUWI3y ","<p class=""TweetTextSize js-tweet-text tweet-text"" data-aria-label-part=""0"" lang=""en"">The White House is expected to urge Americans who live in areas of high <strong>coronavirus</strong> transmission to wear cloth face coverings to prevent the spread of the virus, a senior admin. official tells <a class=""twitter-atreply pretty-link js-nav"" data-mentioned-user-id=""14173315"" dir=""ltr"" href=""/NBCNews""><s>@</s><b>NBCNews</b></a>.<a class=""twitter-timeline-link u-hidden"" data-expanded-url=""https://nbcnews.to/2UUWI3y"" dir=""ltr"" href=""https://t.co/SbUnrFyw1w"" rel=""nofollow noopener"" target=""_blank"" title=""https://nbcnews.to/2UUWI3y""><span class=""tco-ellipsis""></span><span class=""invisible"">https://</span><span class=""js-display-url"">nbcnews.to/2UUWI3y</span><span class=""invisible""></span><span class=""tco-ellipsis""><span class=""invisible""> </span></span></a></p>",['https://nbcnews.to/2UUWI3y'],[],False,[],,208,130,34,True,False,,[]
63,BreakingNews,Breaking News,6017542,1245824762208645121,/BreakingNews/status/1245824762208645121,2020-04-02 21:25:44,1585862744,"Coronavirus cases surpasses 1,000,000 cases globally as COVID-19 continues to spread, John Hopkins University says. https://nbcnews.to/2wVVEV2 ","<p class=""TweetTextSize js-tweet-text tweet-text"" data-aria-label-part=""0"" lang=""en""><strong>Coronavirus</strong> cases surpasses 1,000,000 cases globally as COVID-19 continues to spread, John Hopkins University says. <a class=""twitter-timeline-link u-hidden"" data-expanded-url=""https://nbcnews.to/2wVVEV2"" dir=""ltr"" href=""https://t.co/hJCNeNC0a0"" rel=""nofollow noopener"" target=""_blank"" title=""https://nbcnews.to/2wVVEV2""><span class=""tco-ellipsis""></span><span class=""invisible"">https://</span><span class=""js-display-url"">nbcnews.to/2wVVEV2</span><span class=""invisible""></span><span class=""tco-ellipsis""><span class=""invisible""> </span></span></a></p>",['https://nbcnews.to/2wVVEV2'],[],False,[],,44,38,3,True,False,,[]
64,BreakingNews,Breaking News,6017542,1245812997492281344,/BreakingNews/status/1245812997492281344,2020-04-02 20:38:59,1585859939,"US Navy is expected to announce that it has relieved the captain who sounded the alarm about a coronavirus outbreak aboard the USS Theodore Roosevelt, according to two US officials. https://nbcnews.to/2UEoOkw ","<p class=""TweetTextSize js-tweet-text tweet-text"" data-aria-label-part=""0"" lang=""en"">US Navy is expected to announce that it has relieved the captain who sounded the alarm about a <strong>coronavirus</strong> outbreak aboard the USS Theodore Roosevelt, according to two US officials. <a class=""twitter-timeline-link u-hidden"" data-expanded-url=""https://nbcnews.to/2UEoOkw"" dir=""ltr"" href=""https://t.co/i1lomFZ9GI"" rel=""nofollow noopener"" target=""_blank"" title=""https://nbcnews.to/2UEoOkw""><span class=""tco-ellipsis""></span><span class=""invisible"">https://</span><span class=""js-display-url"">nbcnews.to/2UEoOkw</span><span class=""invisible""></span><span class=""tco-ellipsis""><span class=""invisible""> </span></span></a></p>",['https://nbcnews.to/2UEoOkw'],[],False,[],,294,219,111,True,False,,[]
65,BreakingNews,Breaking News,6017542,1245780285301587974,/BreakingNews/status/1245780285301587974,2020-04-02 18:29:00,1585852140,"Many Americans may have to wait months for coronavirus relief checks, according to a memo obtained by @NBCNews.https://nbcnews.to/2UFSzln ","<p class=""TweetTextSize js-tweet-text tweet-text"" data-aria-label-part=""0"" lang=""en"">Many Americans may have to wait months for <strong>coronavirus</strong> relief checks, according to a memo obtained by <a class=""twitter-atreply pretty-link js-nav"" data-mentioned-user-id=""14173315"" dir=""ltr"" href=""/NBCNews""><s>@</s><b>NBCNews</b></a>.<a class=""twitter-timeline-link u-hidden"" data-expanded-url=""https://nbcnews.to/2UFSzln"" dir=""ltr"" href=""https://t.co/RKslZHsPGq"" rel=""nofollow noopener"" target=""_blank"" title=""https://nbcnews.to/2UFSzln""><span class=""tco-ellipsis""></span><span class=""invisible"">https://</span><span class=""js-display-url"">nbcnews.to/2UFSzln</span><span class=""invisible""></span><span class=""tco-ellipsis""><span class=""invisible""> </span></span></a></p>",['https://nbcnews.to/2UFSzln'],[],False,[],,75,85,16,True,False,,[]
66,BreakingNews,Breaking News,6017542,1245770779981160449,/BreakingNews/status/1245770779981160449,2020-04-02 17:51:13,1585849873,The FDA is reducing restrictions on gay blood donors amid “urgent need” due to the coronavirus pandemic https://nbcnews.to/3dMEoSR  - @NBCOUT,"<p class=""TweetTextSize js-tweet-text tweet-text"" data-aria-label-part=""0"" lang=""en"">The FDA is reducing restrictions on gay blood donors amid “urgent need” due to the <strong>coronavirus</strong> pandemic <a class=""twitter-timeline-link"" data-expanded-url=""https://nbcnews.to/3dMEoSR"" dir=""ltr"" href=""https://t.co/h0HenKFPsA"" rel=""nofollow noopener"" target=""_blank"" title=""https://nbcnews.to/3dMEoSR""><span class=""tco-ellipsis""></span><span class=""invisible"">https://</span><span class=""js-display-url"">nbcnews.to/3dMEoSR</span><span class=""invisible""></span><span class=""tco-ellipsis""><span class=""invisible""> </span></span></a> - <a class=""twitter-atreply pretty-link js-nav"" data-mentioned-user-id=""3331875599"" dir=""ltr"" href=""/NBCOUT""><s>@</s><b>NBCOUT</b></a></p>",['https://nbcnews.to/3dMEoSR'],[],False,[],,84,50,14,True,False,,[]
67,BreakingNews,Breaking News,6017542,1245746120212598784,/BreakingNews/status/1245746120212598784,2020-04-02 16:13:14,1585843994,"DNC is postponing its July convention until the week of August 17 due to coronavirus pandemic, the party announces. https://nbcnews.to/39xDy97 ","<p class=""TweetTextSize js-tweet-text tweet-text"" data-aria-label-part=""0"" lang=""en"">DNC is postponing its July convention until the week of August 17 due to <strong>coronavirus</strong> pandemic, the party announces. <a class=""twitter-timeline-link u-hidden"" data-expanded-url=""https://nbcnews.to/39xDy97"" dir=""ltr"" href=""https://t.co/eaVV3poANK"" rel=""nofollow noopener"" target=""_blank"" title=""https://nbcnews.to/39xDy97""><span class=""tco-ellipsis""></span><span class=""invisible"">https://</span><span class=""js-display-url"">nbcnews.to/39xDy97</span><span class=""invisible""></span><span class=""tco-ellipsis""><span class=""invisible""> </span></span></a></p>",['https://nbcnews.to/39xDy97'],[],False,[],,47,26,3,True,False,,[]
68,BreakingNews,Breaking News,6017542,1245691420654141440,/BreakingNews/status/1245691420654141440,2020-04-02 12:35:53,1585830953,"Record 6,600,000 Americans file unemployment claims amid coronavirus pandemic. https://nbcnews.to/2JuEa51 ","<p class=""TweetTextSize js-tweet-text tweet-text"" data-aria-label-part=""0"" lang=""en"">Record 6,600,000 Americans file unemployment claims amid <strong>coronavirus</strong> pandemic. <a class=""twitter-timeline-link u-hidden"" data-expanded-url=""https://nbcnews.to/2JuEa51"" dir=""ltr"" href=""https://t.co/2usbGtL6Ya"" rel=""nofollow noopener"" target=""_blank"" title=""https://nbcnews.to/2JuEa51""><span class=""tco-ellipsis""></span><span class=""invisible"">https://</span><span class=""js-display-url"">nbcnews.to/2JuEa51</span><span class=""invisible""></span><span class=""tco-ellipsis""><span class=""invisible""> </span></span></a></p>",['https://nbcnews.to/2JuEa51'],[],False,[],,198,206,28,True,False,,[]
69,BreakingNews,Breaking News,6017542,1245663026918895616,/BreakingNews/status/1245663026918895616,2020-04-02 10:43:03,1585824183,"Spain's coronavirus death toll has climbed past 10,000, the country's Health Ministry said on Thursday. Only Italy has more deaths at 13,155. https://nbcnews.to/2USLP2o ","<p class=""TweetTextSize js-tweet-text tweet-text"" data-aria-label-part=""0"" lang=""en"">Spain's <strong>coronavirus</strong> death toll has climbed past 10,000, the country's Health Ministry said on Thursday. Only Italy has more deaths at 13,155. <a class=""twitter-timeline-link u-hidden"" data-expanded-url=""https://nbcnews.to/2USLP2o"" dir=""ltr"" href=""https://t.co/2HsdZBoevM"" rel=""nofollow noopener"" target=""_blank"" title=""https://nbcnews.to/2USLP2o""><span class=""tco-ellipsis""></span><span class=""invisible"">https://</span><span class=""js-display-url"">nbcnews.to/2USLP2o</span><span class=""invisible""></span><span class=""tco-ellipsis""><span class=""invisible""> </span></span></a></p>",['https://nbcnews.to/2USLP2o'],[],False,[],,46,53,6,True,False,,[]
70,BreakingNews,Breaking News,6017542,1245493925164584960,/BreakingNews/status/1245493925164584960,2020-04-01 23:31:06,1585783866,Trump admin's coronavirus task force announces counter-narcotics operation to combat drug trafficking amid the coronavirus pandemic. https://nbcnews.to/2wLeaj9 ,"<p class=""TweetTextSize js-tweet-text tweet-text"" data-aria-label-part=""0"" lang=""en"">Trump admin's <strong>coronavirus</strong> task force announces counter-narcotics operation to combat drug trafficking amid the <strong>coronavirus</strong> pandemic. <a class=""twitter-timeline-link u-hidden"" data-expanded-url=""https://nbcnews.to/2wLeaj9"" dir=""ltr"" href=""https://t.co/uGrTRY6uE6"" rel=""nofollow noopener"" target=""_blank"" title=""https://nbcnews.to/2wLeaj9""><span class=""tco-ellipsis""></span><span class=""invisible"">https://</span><span class=""js-display-url"">nbcnews.to/2wLeaj9</span><span class=""invisible""></span><span class=""tco-ellipsis""><span class=""invisible""> </span></span></a></p>",['https://nbcnews.to/2wLeaj9'],[],False,[],,43,16,17,True,False,,[]
71,BreakingNews,Breaking News,6017542,1245379621924802560,/BreakingNews/status/1245379621924802560,2020-04-01 15:56:54,1585756614,Wimbledon has been canceled for 1st time since WWII due to the coronavirus pandemic. http://nbcnews.to/2X0Ii4s ,"<p class=""TweetTextSize js-tweet-text tweet-text"" data-aria-label-part=""0"" lang=""en"">Wimbledon has been canceled for 1st time since WWII due to the <strong>coronavirus</strong> pandemic. <a class=""twitter-timeline-link u-hidden"" data-expanded-url=""http://nbcnews.to/2X0Ii4s"" dir=""ltr"" href=""https://t.co/gk3xVZWax6"" rel=""nofollow noopener"" target=""_blank"" title=""http://nbcnews.to/2X0Ii4s""><span class=""tco-ellipsis""></span><span class=""invisible"">http://</span><span class=""js-display-url"">nbcnews.to/2X0Ii4s</span><span class=""invisible""></span><span class=""tco-ellipsis""><span class=""invisible""> </span></span></a></p>",['http://nbcnews.to/2X0Ii4s'],[],False,[],,57,44,10,True,False,,[]
72,BreakingNews,Breaking News,6017542,1245353527255457797,/BreakingNews/status/1245353527255457797,2020-04-01 14:13:13,1585750393,"UK health officials report 563 new deaths from the coronavirus, bringing the toll in the country to 2,352.

More than 4,300 new infections were recorded, with the cumulative number of UK cases now standing at 29,474. https://nbcnews.to/3aAAEBR ","<p class=""TweetTextSize js-tweet-text tweet-text"" data-aria-label-part=""0"" lang=""en"">UK health officials report 563 new deaths from the <strong>coronavirus</strong>, bringing the toll in the country to 2,352.

More than 4,300 new infections were recorded, with the cumulative number of UK cases now standing at 29,474. <a class=""twitter-timeline-link u-hidden"" data-expanded-url=""https://nbcnews.to/3aAAEBR"" dir=""ltr"" href=""https://t.co/OBDFWqaAFj"" rel=""nofollow noopener"" target=""_blank"" title=""https://nbcnews.to/3aAAEBR""><span class=""tco-ellipsis""></span><span class=""invisible"">https://</span><span class=""js-display-url"">nbcnews.to/3aAAEBR</span><span class=""invisible""></span><span class=""tco-ellipsis""><span class=""invisible""> </span></span></a></p>",['https://nbcnews.to/3aAAEBR'],[],False,[],,28,27,0,False,False,,[]
73,BreakingNews,Breaking News,6017542,1245311426836729857,/BreakingNews/status/1245311426836729857,2020-04-01 11:25:55,1585740355,"Spanish coronavirus death toll reaches 9,053 after recording 864 fatalities in 24 hours, the highest number in the country's outbreak so far.

Spain has also reported a record 100,000 cases of the virus. https://nbcnews.to/341NxCq ","<p class=""TweetTextSize js-tweet-text tweet-text"" data-aria-label-part=""0"" lang=""en"">Spanish <strong>coronavirus</strong> death toll reaches 9,053 after recording 864 fatalities in 24 hours, the highest number in the country's outbreak so far.

Spain has also reported a record 100,000 cases of the virus. <a class=""twitter-timeline-link u-hidden"" data-expanded-url=""https://nbcnews.to/341NxCq"" dir=""ltr"" href=""https://t.co/tZMLSybNiu"" rel=""nofollow noopener"" target=""_blank"" title=""https://nbcnews.to/341NxCq""><span class=""tco-ellipsis""></span><span class=""invisible"">https://</span><span class=""js-display-url"">nbcnews.to/341NxCq</span><span class=""invisible""></span><span class=""tco-ellipsis""><span class=""invisible""> </span></span></a></p>",['https://nbcnews.to/341NxCq'],[],False,[],,35,37,5,True,False,,[]
74,BreakingNews,Breaking News,6017542,1240613857367900161,/BreakingNews/status/1240613857367900161,2020-03-19 12:19:27,1584620367,"THREAD: Coronavirus updates, Thursday, March 19:
 
Up to 20,000 U.K. military personnel to go on standby amid coronavirus outbreak. https://www.nbcnews.com/health/health-news/live-blog/coronavirus-china-reports-no-new-domestic-cases-first-time-nyc-n1163556/ncrd1163561 …","<p class=""TweetTextSize js-tweet-text tweet-text"" data-aria-label-part=""0"" lang=""en"">THREAD: <strong>Coronavirus</strong> updates, Thursday, March 19:
 
Up to 20,000 U.K. military personnel to go on standby amid <strong>coronavirus</strong> outbreak. <a class=""twitter-timeline-link u-hidden"" data-expanded-url=""https://www.nbcnews.com/health/health-news/live-blog/coronavirus-china-reports-no-new-domestic-cases-first-time-nyc-n1163556/ncrd1163561"" dir=""ltr"" href=""https://t.co/oJCWG55lto"" rel=""nofollow noopener"" target=""_blank"" title=""https://www.nbcnews.com/health/health-news/live-blog/coronavirus-china-reports-no-new-domestic-cases-first-time-nyc-n1163556/ncrd1163561""><span class=""tco-ellipsis""></span><span class=""invisible"">https://www.</span><span class=""js-display-url"">nbcnews.com/health/health-</span><span class=""invisible"">news/live-blog/coronavirus-china-reports-no-new-domestic-cases-first-time-nyc-n1163556/ncrd1163561</span><span class=""tco-ellipsis""><span class=""invisible""> </span>…</span></a></p>",['https://www.nbcnews.com/health/health-news/live-blog/coronavirus-china-reports-no-new-domestic-cases-first-time-nyc-n1163556/ncrd1163561'],[],False,[],,353,222,20,True,False,,[]
75,BreakingNews,Breaking News,6017542,1242424012728422401,/BreakingNews/status/1242424012728422401,2020-03-24 12:12:22,1585051942,"THREAD: Coronavirus updates, Tuesday, March 24:

Egypt announces a two-week night-time curfew for 100 million people to slow the spread of the new coronavirus. https://www.nbcnews.com/health/health-news/live-blog/millions-more-ordered-stay-home-coronavirus-cases-grow-n1167336/ncrd1167431 …","<p class=""TweetTextSize js-tweet-text tweet-text"" data-aria-label-part=""0"" lang=""en"">THREAD: <strong>Coronavirus</strong> updates, Tuesday, March 24:

Egypt announces a two-week night-time curfew for 100 million people to slow the spread of the new <strong>coronavirus</strong>. <a class=""twitter-timeline-link u-hidden"" data-expanded-url=""https://www.nbcnews.com/health/health-news/live-blog/millions-more-ordered-stay-home-coronavirus-cases-grow-n1167336/ncrd1167431"" dir=""ltr"" href=""https://t.co/SsbSXPfvvL"" rel=""nofollow noopener"" target=""_blank"" title=""https://www.nbcnews.com/health/health-news/live-blog/millions-more-ordered-stay-home-coronavirus-cases-grow-n1167336/ncrd1167431""><span class=""tco-ellipsis""></span><span class=""invisible"">https://www.</span><span class=""js-display-url"">nbcnews.com/health/health-</span><span class=""invisible"">news/live-blog/millions-more-ordered-stay-home-coronavirus-cases-grow-n1167336/ncrd1167431</span><span class=""tco-ellipsis""><span class=""invisible""> </span>…</span></a></p>",['https://www.nbcnews.com/health/health-news/live-blog/millions-more-ordered-stay-home-coronavirus-cases-grow-n1167336/ncrd1167431'],[],False,[],,323,133,17,True,False,,[]
76,BreakingNews,Breaking News,6017542,1244643852658577409,/BreakingNews/status/1244643852658577409,2020-03-30 15:13:13,1585581193,"Hungary's parliament on Monday approved a bill giving PM Viktor Orban's government extraordinary powers during the coronavirus pandemic, without setting an end date for their expiration. https://nbcnews.to/2vYrL64 ","<p class=""TweetTextSize js-tweet-text tweet-text"" data-aria-label-part=""0"" lang=""en"">Hungary's parliament on Monday approved a bill giving PM Viktor Orban's government extraordinary powers during the <strong>coronavirus</strong> pandemic, without setting an end date for their expiration. <a class=""twitter-timeline-link u-hidden"" data-expanded-url=""https://nbcnews.to/2vYrL64"" dir=""ltr"" href=""https://t.co/3XNX4CkFUI"" rel=""nofollow noopener"" target=""_blank"" title=""https://nbcnews.to/2vYrL64""><span class=""tco-ellipsis""></span><span class=""invisible"">https://</span><span class=""js-display-url"">nbcnews.to/2vYrL64</span><span class=""invisible""></span><span class=""tco-ellipsis""><span class=""invisible""> </span></span></a></p>",['https://nbcnews.to/2vYrL64'],[],False,[],,27,23,11,True,False,,[]
77,BreakingNews,Breaking News,6017542,1244638409316093954,/BreakingNews/status/1244638409316093954,2020-03-30 14:51:35,1585579895,"THREAD: Coronavirus updates for Monday, March 30: https://nbcnews.to/33WymdP 

• 700,000 cases globally, nearly 35,000 deaths 

• Spain surpasses China’s total number of cases

• Governors in Michigan and Louisiana warn of a lack of resources","<p class=""TweetTextSize js-tweet-text tweet-text"" data-aria-label-part=""0"" lang=""en"">THREAD: <strong>Coronavirus</strong> updates for Monday, March 30: <a class=""twitter-timeline-link"" data-expanded-url=""https://nbcnews.to/33WymdP"" dir=""ltr"" href=""https://t.co/ABNgls7k3P"" rel=""nofollow noopener"" target=""_blank"" title=""https://nbcnews.to/33WymdP""><span class=""tco-ellipsis""></span><span class=""invisible"">https://</span><span class=""js-display-url"">nbcnews.to/33WymdP</span><span class=""invisible""></span><span class=""tco-ellipsis""><span class=""invisible""> </span></span></a>

• 700,000 cases globally, nearly 35,000 deaths 

• Spain surpasses China’s total number of cases

• Governors in Michigan and Louisiana warn of a lack of resources</p>",['https://nbcnews.to/33WymdP'],[],False,[],,112,78,23,True,False,,[]
78,BreakingNews,Breaking News,6017542,1244585881350148097,/BreakingNews/status/1244585881350148097,2020-03-30 11:22:52,1585567372,"Iran has recorded more than 3,000 new coronavirus cases in the past 24 hours, bringing the total number of cases to 41,495, the country's health officials said Monday. https://nbcnews.to/2ULuEj3 ","<p class=""TweetTextSize js-tweet-text tweet-text"" data-aria-label-part=""0"" lang=""en"">Iran has recorded more than 3,000 new <strong>coronavirus</strong> cases in the past 24 hours, bringing the total number of cases to 41,495, the country's health officials said Monday. <a class=""twitter-timeline-link u-hidden"" data-expanded-url=""https://nbcnews.to/2ULuEj3"" dir=""ltr"" href=""https://t.co/M5IrtinXcR"" rel=""nofollow noopener"" target=""_blank"" title=""https://nbcnews.to/2ULuEj3""><span class=""tco-ellipsis""></span><span class=""invisible"">https://</span><span class=""js-display-url"">nbcnews.to/2ULuEj3</span><span class=""invisible""></span><span class=""tco-ellipsis""><span class=""invisible""> </span></span></a></p>",['https://nbcnews.to/2ULuEj3'],[],False,[],,40,44,4,True,False,,[]
79,BreakingNews,Breaking News,6017542,1244259264488710144,/BreakingNews/status/1244259264488710144,2020-03-29 13:45:00,1585489500,"THREAD: Coronavirus updates, Sunday, March 29.

• Global death toll surpasses 30,000, with more than 10,000 deaths in Italy

• 580,000+ total cases reported worldwide

• CDC issues “non-essential” travel advisory for New York, New Jersey and Connecticut http://nbcnews.to/2UKTyPN ","<p class=""TweetTextSize js-tweet-text tweet-text"" data-aria-label-part=""0"" lang=""en"">THREAD: <strong>Coronavirus</strong> updates, Sunday, March 29.

• Global death toll surpasses 30,000, with more than 10,000 deaths in Italy

• 580,000+ total cases reported worldwide

• CDC issues “non-essential” travel advisory for New York, New Jersey and Connecticut <a class=""twitter-timeline-link u-hidden"" data-expanded-url=""http://nbcnews.to/2UKTyPN"" dir=""ltr"" href=""https://t.co/KCfX83KbDJ"" rel=""nofollow noopener"" target=""_blank"" title=""http://nbcnews.to/2UKTyPN""><span class=""tco-ellipsis""></span><span class=""invisible"">http://</span><span class=""js-display-url"">nbcnews.to/2UKTyPN</span><span class=""invisible""></span><span class=""tco-ellipsis""><span class=""invisible""> </span></span></a></p>",['http://nbcnews.to/2UKTyPN'],[],False,[],,167,130,15,True,False,,[]
80,BreakingNews,Breaking News,6017542,1243909016536920066,/BreakingNews/status/1243909016536920066,2020-03-28 14:33:14,1585405994,"THREAD: Coronavirus updates, Saturday, March 28.

• US coronavirus cases surpass 100,000

• President Trump signs $2T economic stimulus bill

• 520,000+ cases reported worldwide; 23,000+ total deaths 

http://nbcnews.to/3dL82bg ","<p class=""TweetTextSize js-tweet-text tweet-text"" data-aria-label-part=""0"" lang=""en"">THREAD: <strong>Coronavirus</strong> updates, Saturday, March 28.

• US <strong>coronavirus</strong> cases surpass 100,000

• President Trump signs $2T economic stimulus bill

• 520,000+ cases reported worldwide; 23,000+ total deaths 

<a class=""twitter-timeline-link u-hidden"" data-expanded-url=""http://nbcnews.to/3dL82bg"" dir=""ltr"" href=""https://t.co/4nnWED30Ro"" rel=""nofollow noopener"" target=""_blank"" title=""http://nbcnews.to/3dL82bg""><span class=""tco-ellipsis""></span><span class=""invisible"">http://</span><span class=""js-display-url"">nbcnews.to/3dL82bg</span><span class=""invisible""></span><span class=""tco-ellipsis""><span class=""invisible""> </span></span></a></p>",['http://nbcnews.to/3dL82bg'],[],False,[],,184,128,19,True,False,,[]
81,BreakingNews,Breaking News,6017542,1238873357967294464,/BreakingNews/status/1238873357967294464,2020-03-14 17:03:20,1584205400,".@NBCNews has asked every US state health department how they are handling testing for coronavirus. 

Read our guide for information about each state. https://nbcnews.to/2IOv0je ","<p class=""TweetTextSize js-tweet-text tweet-text"" data-aria-label-part=""0"" lang=""en"">.<a class=""twitter-atreply pretty-link js-nav"" data-mentioned-user-id=""14173315"" dir=""ltr"" href=""/NBCNews""><s>@</s><b>NBCNews</b></a> has asked every US state health department how they are handling testing for <strong>coronavirus</strong>. 

Read our guide for information about each state. <a class=""twitter-timeline-link u-hidden"" data-expanded-url=""https://nbcnews.to/2IOv0je"" dir=""ltr"" href=""https://t.co/VXaEZAvqVh"" rel=""nofollow noopener"" target=""_blank"" title=""https://nbcnews.to/2IOv0je""><span class=""tco-ellipsis""></span><span class=""invisible"">https://</span><span class=""js-display-url"">nbcnews.to/2IOv0je</span><span class=""invisible""></span><span class=""tco-ellipsis""><span class=""invisible""> </span></span></a></p>",['https://nbcnews.to/2IOv0je'],[],False,[],,99,63,0,False,False,,[]
82,BreakingNews,Breaking News,6017542,1238862920206991360,/BreakingNews/status/1238862920206991360,2020-03-14 16:21:51,1584202911,"LIVE: President Trump, VP Pence and other officials speak at White House coronavirus task force news conference Saturday. http://pscp.tv/w/1OwGWQpovrwxQ ","<p class=""TweetTextSize js-tweet-text tweet-text"" data-aria-label-part=""0"" lang=""en"">LIVE: President Trump, VP Pence and other officials speak at White House <strong>coronavirus</strong> task force news conference Saturday. <a class=""twitter-timeline-link u-hidden"" data-expanded-url=""http://pscp.tv/w/1OwGWQpovrwxQ"" dir=""ltr"" href=""https://t.co/CJnEwCLDdO"" rel=""nofollow noopener"" target=""_blank"" title=""http://pscp.tv/w/1OwGWQpovrwxQ""><span class=""tco-ellipsis""></span><span class=""invisible"">http://</span><span class=""js-display-url"">pscp.tv/w/1OwGWQpovrwxQ</span><span class=""invisible""></span><span class=""tco-ellipsis""><span class=""invisible""> </span></span></a></p>",['http://pscp.tv/w/1OwGWQpovrwxQ'],[],False,[],,801,236,204,True,False,,[]
83,BreakingNews,Breaking News,6017542,1238691528656269312,/BreakingNews/status/1238691528656269312,2020-03-14 05:00:48,1584162048,House approves the Families First Coronavirus Response Act 363-40 after a marathon day of negotiations; sends bill to Senate.,"<p class=""TweetTextSize js-tweet-text tweet-text"" data-aria-label-part=""0"" lang=""en"">House approves the Families First <strong>Coronavirus</strong> Response Act 363-40 after a marathon day of negotiations; sends bill to Senate.</p>",[],[],False,[],,666,195,36,True,False,,[]
